id,name
Abbeville_SC,Abbeville_SC
Acadia Parish_LA,Acadia Parish_LA
Acadia_LA,Acadia_LA
Accomack_VA,Accomack_VA
Ada_ID,Ada_ID
Adair_IA,Adair_IA
Adair_KY,Adair_KY
Adair_MO,Adair_MO
Adair_OK,Adair_OK
Adams_CO,Adams_CO
Adams_IA,Adams_IA
Adams_ID,Adams_ID
Adams_IL,Adams_IL
Adams_IN,Adams_IN
Adams_MS,Adams_MS
Adams_ND,Adams_ND
Adams_NE,Adams_NE
Adams_OH,Adams_OH
Adams_PA,Adams_PA
Adams_WA,Adams_WA
Adams_WI,Adams_WI
Addison_VT,Addison_VT
Aiken_SC,Aiken_SC
Aitkin_MN,Aitkin_MN
Alachua_FL,Alachua_FL
Alamance_NC,Alamance_NC
Alameda_CA,Alameda_CA
Alamosa_CO,Alamosa_CO
Albany_NY,Albany_NY
Albany_WY,Albany_WY
Albemarle_VA,Albemarle_VA
Alcona_MI,Alcona_MI
Alcorn_MS,Alcorn_MS
Aleutian Islands_AK,Aleutian Islands_AK
Aleutians East Borough_AK,Aleutians East Borough_AK
Aleutians East_AK,Aleutians East_AK
Aleutians West Census Area_AK,Aleutians West Census Area_AK
Aleutians West_AK,Aleutians West_AK
Alexander_IL,Alexander_IL
Alexander_NC,Alexander_NC
Alexandria city_VA,Alexandria city_VA
Alexandria_VA,Alexandria_VA
Alfalfa_OK,Alfalfa_OK
Alger_MI,Alger_MI
Allamakee_IA,Allamakee_IA
Allegan_MI,Allegan_MI
Allegany_MD,Allegany_MD
Allegany_NY,Allegany_NY
Alleghany_NC,Alleghany_NC
Alleghany_VA,Alleghany_VA
Allegheny_PA,Allegheny_PA
Allegheny_WV,Allegheny_WV
Allen Parish_LA,Allen Parish_LA
Allen_IN,Allen_IN
Allen_KS,Allen_KS
Allen_KY,Allen_KY
Allen_LA,Allen_LA
Allen_OH,Allen_OH
Allendale_SC,Allendale_SC
Alpena_MI,Alpena_MI
Alpine_CA,Alpine_CA
Amador_CA,Amador_CA
Amelia_VA,Amelia_VA
Amherst_VA,Amherst_VA
Amite_MS,Amite_MS
Anchorage Municipality_AK,Anchorage Municipality_AK
Anchorage_AK,Anchorage_AK
Anderson_KS,Anderson_KS
Anderson_KY,Anderson_KY
Anderson_SC,Anderson_SC
Anderson_TN,Anderson_TN
Anderson_TX,Anderson_TX
Andrew_MO,Andrew_MO
Andrews_TX,Andrews_TX
Androscoggin_ME,Androscoggin_ME
Angelina_TX,Angelina_TX
Animas_CO,Animas_CO
Anne Arundel_MD,Anne Arundel_MD
Anne_MD,Anne_MD
Anoka_MN,Anoka_MN
Anson_NC,Anson_NC
Antelope_NE,Antelope_NE
Antrim_MI,Antrim_MI
Apache_AZ,Apache_AZ
Appanoose_IA,Appanoose_IA
Appling_GA,Appling_GA
Appomattox_VA,Appomattox_VA
Aransas_TX,Aransas_TX
Arapahoe_CO,Arapahoe_CO
Archer_TX,Archer_TX
Archuleta_CO,Archuleta_CO
Arenac_MI,Arenac_MI
Arkansas_AR,Arkansas_AR
Arlington_VA,Arlington_VA
Armstrong_PA,Armstrong_PA
Armstrong_TX,Armstrong_TX
Aroostook_ME,Aroostook_ME
Arthur_NE,Arthur_NE
Arundel_MD,Arundel_MD
Ascension Parish_LA,Ascension Parish_LA
Ascension_LA,Ascension_LA
Ashe_NC,Ashe_NC
Ashland_OH,Ashland_OH
Ashland_WI,Ashland_WI
Ashley_AR,Ashley_AR
Ashtabula_OH,Ashtabula_OH
Asotin_WA,Asotin_WA
Assumption Parish_LA,Assumption Parish_LA
Assumption_LA,Assumption_LA
Atascosa_TX,Atascosa_TX
Atchison_KS,Atchison_KS
Atchison_MO,Atchison_MO
Athens_OH,Athens_OH
Atkinson_GA,Atkinson_GA
Atlantic_NJ,Atlantic_NJ
Atoka_OK,Atoka_OK
Attala_MS,Attala_MS
Audrain_MO,Audrain_MO
Audubon_IA,Audubon_IA
Auglaize_OH,Auglaize_OH
Augusta_VA,Augusta_VA
Aurora_SD,Aurora_SD
Austin_TX,Austin_TX
Autauga_AL,Autauga_AL
Avery_NC,Avery_NC
Avoyelles Parish_LA,Avoyelles Parish_LA
Avoyelles_LA,Avoyelles_LA
Baca_CO,Baca_CO
Bacon_GA,Bacon_GA
Bailey_TX,Bailey_TX
Baker_FL,Baker_FL
Baker_GA,Baker_GA
Baker_OR,Baker_OR
Baldwin_AL,Baldwin_AL
Baldwin_GA,Baldwin_GA
Ballard_KY,Ballard_KY
Baltimore city_MD,Baltimore city_MD
Baltimore_MD,Baltimore_MD
Bamberg_SC,Bamberg_SC
Bandera_TX,Bandera_TX
Banks_GA,Banks_GA
Banner_NE,Banner_NE
Bannock_ID,Bannock_ID
Baraga_MI,Baraga_MI
Barber_KS,Barber_KS
Barbour_AL,Barbour_AL
Barbour_WV,Barbour_WV
Barnes_ND,Barnes_ND
Barnstable_MA,Barnstable_MA
Barnwell_SC,Barnwell_SC
Barren_KY,Barren_KY
Barron_WI,Barron_WI
Barrow_GA,Barrow_GA
Barry_MI,Barry_MI
Barry_MO,Barry_MO
Bartholomew_IN,Bartholomew_IN
Barton_KS,Barton_KS
Barton_MO,Barton_MO
Bartow_GA,Bartow_GA
Bastrop_TX,Bastrop_TX
Bates_MO,Bates_MO
Bath_KY,Bath_KY
Bath_VA,Bath_VA
Baxter_AR,Baxter_AR
Bay_FL,Bay_FL
Bay_MI,Bay_MI
Bayfield_WI,Bayfield_WI
Baylor_TX,Baylor_TX
Beadle_SD,Beadle_SD
Bear Lake_ID,Bear Lake_ID
Beaufort_NC,Beaufort_NC
Beaufort_SC,Beaufort_SC
Beauregard Parish_LA,Beauregard Parish_LA
Beauregard_LA,Beauregard_LA
Beaver_OH,Beaver_OH
Beaver_OK,Beaver_OK
Beaver_PA,Beaver_PA
Beaver_UT,Beaver_UT
Beaverhead_MT,Beaverhead_MT
Becker_MN,Becker_MN
Beckham_OK,Beckham_OK
Bedford_PA,Bedford_PA
Bedford_TN,Bedford_TN
Bedford_VA,Bedford_VA
Bee_TX,Bee_TX
Belknap_NH,Belknap_NH
Bell_KY,Bell_KY
Bell_TN,Bell_TN
Bell_TX,Bell_TX
Bell_VA,Bell_VA
Belmont_OH,Belmont_OH
Belmont_PA,Belmont_PA
Belmont_WV,Belmont_WV
Beltrami_MN,Beltrami_MN
Ben Hill_GA,Ben Hill_GA
Benewah_ID,Benewah_ID
Bennett_SD,Bennett_SD
Bennington_VT,Bennington_VT
Benson_ND,Benson_ND
Bent_CO,Bent_CO
Benton_AR,Benton_AR
Benton_IA,Benton_IA
Benton_IN,Benton_IN
Benton_MN,Benton_MN
Benton_MO,Benton_MO
Benton_MS,Benton_MS
Benton_OR,Benton_OR
Benton_TN,Benton_TN
Benton_WA,Benton_WA
Benzie_MI,Benzie_MI
Bergen_NJ,Bergen_NJ
Berkeley_SC,Berkeley_SC
Berkeley_WV,Berkeley_WV
Berks_PA,Berks_PA
Berkshire_MA,Berkshire_MA
Bernalillo_NM,Bernalillo_NM
Berrien_GA,Berrien_GA
Berrien_MI,Berrien_MI
Bertie_NC,Bertie_NC
Bethel Census Area_AK,Bethel Census Area_AK
Bethel_AK,Bethel_AK
Bexar_TX,Bexar_TX
Bibb_AL,Bibb_AL
Bibb_GA,Bibb_GA
Bienville Parish_LA,Bienville Parish_LA
Bienville_LA,Bienville_LA
Big Horn_MT,Big Horn_MT
Big Horn_WY,Big Horn_WY
Big Stone_MN,Big Stone_MN
Billings_ND,Billings_ND
Bingham_ID,Bingham_ID
Black Hawk_IA,Black Hawk_IA
Blackford_IN,Blackford_IN
Bladen_NC,Bladen_NC
Blaine_ID,Blaine_ID
Blaine_MT,Blaine_MT
Blaine_NE,Blaine_NE
Blaine_OK,Blaine_OK
Blair_PA,Blair_PA
Blanco_CO,Blanco_CO
Blanco_TX,Blanco_TX
Bland_VA,Bland_VA
Bland_WV,Bland_WV
Bleckley_GA,Bleckley_GA
Bledsoe_TN,Bledsoe_TN
Blount_AL,Blount_AL
Blount_TN,Blount_TN
Blue Earth_MN,Blue Earth_MN
Boise_ID,Boise_ID
Bolivar_MS,Bolivar_MS
Bollinger_MO,Bollinger_MO
Bon Homme_SD,Bon Homme_SD
Bond_IL,Bond_IL
Bonner_ID,Bonner_ID
Bonneville_ID,Bonneville_ID
Boone_AR,Boone_AR
Boone_IA,Boone_IA
Boone_IL,Boone_IL
Boone_IN,Boone_IN
Boone_KY,Boone_KY
Boone_MO,Boone_MO
Boone_NE,Boone_NE
Boone_WV,Boone_WV
Borden_TX,Borden_TX
Bosque_TX,Bosque_TX
Bossier Parish_LA,Bossier Parish_LA
Bossier_LA,Bossier_LA
Botetourt_VA,Botetourt_VA
Bottineau_ND,Bottineau_ND
Boulder_CO,Boulder_CO
Boundary_ID,Boundary_ID
Bourbon_KS,Bourbon_KS
Bourbon_KY,Bourbon_KY
Bowie_TX,Bowie_TX
Bowman_ND,Bowman_ND
Box Butte_NE,Box Butte_NE
Box Elder_UT,Box Elder_UT
Boyd_KY,Boyd_KY
Boyd_NE,Boyd_NE
Boyle_KY,Boyle_KY
Bracken_KY,Bracken_KY
Bradford_FL,Bradford_FL
Bradford_PA,Bradford_PA
Bradley_AR,Bradley_AR
Bradley_TN,Bradley_TN
Branch_MI,Branch_MI
Brantley_GA,Brantley_GA
Braxton_WV,Braxton_WV
Brazoria_TX,Brazoria_TX
Brazos_TX,Brazos_TX
Breathitt_KY,Breathitt_KY
Breckinridge_KY,Breckinridge_KY
Breckinridge_WV,Breckinridge_WV
Bremer_IA,Bremer_IA
Brevard_FL,Brevard_FL
Brewster_TX,Brewster_TX
Briscoe_TX,Briscoe_TX
Bristol Bay Borough_AK,Bristol Bay Borough_AK
Bristol Bay_AK,Bristol Bay_AK
Bristol city_VA,Bristol city_VA
Bristol_MA,Bristol_MA
Bristol_RI,Bristol_RI
Bristol_VA,Bristol_VA
Broadwater_MT,Broadwater_MT
Bronx_NY,Bronx_NY
Brooke_OH,Brooke_OH
Brooke_PA,Brooke_PA
Brooke_WV,Brooke_WV
Brookings_SD,Brookings_SD
Brooks_GA,Brooks_GA
Brooks_TX,Brooks_TX
Broome_NY,Broome_NY
Broomfield_CO,Broomfield_CO
Broward_FL,Broward_FL
Brown_IL,Brown_IL
Brown_IN,Brown_IN
Brown_KS,Brown_KS
Brown_MN,Brown_MN
Brown_NE,Brown_NE
Brown_OH,Brown_OH
Brown_SD,Brown_SD
Brown_TX,Brown_TX
Brown_WI,Brown_WI
Brule_SD,Brule_SD
Brunswick_NC,Brunswick_NC
Brunswick_VA,Brunswick_VA
Bryan_GA,Bryan_GA
Bryan_OK,Bryan_OK
Buchanan_CO,Buchanan_CO
Buchanan_IA,Buchanan_IA
Buchanan_KY,Buchanan_KY
Buchanan_MO,Buchanan_MO
Buchanan_PA,Buchanan_PA
Buchanan_VA,Buchanan_VA
Buchanan_WV,Buchanan_WV
Buckingham_VA,Buckingham_VA
Bucks_PA,Bucks_PA
Buena Vista_IA,Buena Vista_IA
Buena Vista_VA,Buena Vista_VA
Buffalo_NE,Buffalo_NE
Buffalo_SD,Buffalo_SD
Buffalo_WI,Buffalo_WI
Bullitt_KY,Bullitt_KY
Bulloch_GA,Bulloch_GA
Bullock_AL,Bullock_AL
Buncombe_NC,Buncombe_NC
Bureau_IL,Bureau_IL
Buren_TN,Buren_TN
Burke_GA,Burke_GA
Burke_NC,Burke_NC
Burke_ND,Burke_ND
Burleigh_ND,Burleigh_ND
Burleson_TX,Burleson_TX
Burlington_NJ,Burlington_NJ
Burnet_TX,Burnet_TX
Burnett_WI,Burnett_WI
Burt_NE,Burt_NE
Butler_AL,Butler_AL
Butler_IA,Butler_IA
Butler_KS,Butler_KS
Butler_KY,Butler_KY
Butler_MO,Butler_MO
Butler_NE,Butler_NE
Butler_OH,Butler_OH
Butler_PA,Butler_PA
Butte_CA,Butte_CA
Butte_ID,Butte_ID
Butte_SD,Butte_SD
Butts_GA,Butts_GA
Cabarrus_NC,Cabarrus_NC
Cabell_OH,Cabell_OH
Cabell_WV,Cabell_WV
Cache_UT,Cache_UT
Caddo Parish_LA,Caddo Parish_LA
Caddo_LA,Caddo_LA
Caddo_OK,Caddo_OK
Calaveras_CA,Calaveras_CA
Calcasieu Parish_LA,Calcasieu Parish_LA
Calcasieu_LA,Calcasieu_LA
Caldwell Parish_LA,Caldwell Parish_LA
Caldwell_KY,Caldwell_KY
Caldwell_LA,Caldwell_LA
Caldwell_MO,Caldwell_MO
Caldwell_NC,Caldwell_NC
Caldwell_TX,Caldwell_TX
Caledonia_VT,Caledonia_VT
Calhoun_AL,Calhoun_AL
Calhoun_AR,Calhoun_AR
Calhoun_FL,Calhoun_FL
Calhoun_GA,Calhoun_GA
Calhoun_IA,Calhoun_IA
Calhoun_IL,Calhoun_IL
Calhoun_MI,Calhoun_MI
Calhoun_MS,Calhoun_MS
Calhoun_SC,Calhoun_SC
Calhoun_TX,Calhoun_TX
Calhoun_WV,Calhoun_WV
Callahan_TX,Callahan_TX
Callaway_MO,Callaway_MO
Calloway_KY,Calloway_KY
Calumet_WI,Calumet_WI
Calvert_MD,Calvert_MD
Camas_ID,Camas_ID
Cambria_PA,Cambria_PA
Camden_GA,Camden_GA
Camden_MO,Camden_MO
Camden_NC,Camden_NC
Camden_NJ,Camden_NJ
Cameron Parish_LA,Cameron Parish_LA
Cameron_LA,Cameron_LA
Cameron_PA,Cameron_PA
Cameron_TX,Cameron_TX
Camp_TX,Camp_TX
Campbell_KY,Campbell_KY
Campbell_SD,Campbell_SD
Campbell_TN,Campbell_TN
Campbell_VA,Campbell_VA
Campbell_WY,Campbell_WY
Canadian_OK,Canadian_OK
Candler_GA,Candler_GA
Cannon_TN,Cannon_TN
Canyon_ID,Canyon_ID
Cape girardeau_MO,Cape girardeau_MO
Cape Girardeau_MO,Cape Girardeau_MO
Cape May_NJ,Cape May_NJ
Capitol_CT,Capitol_CT
Carbon_MT,Carbon_MT
Carbon_PA,Carbon_PA
Carbon_UT,Carbon_UT
Carbon_WY,Carbon_WY
Caribou_ID,Caribou_ID
Carlisle_KY,Carlisle_KY
Carlton_MN,Carlton_MN
Caroline_MD,Caroline_MD
Caroline_VA,Caroline_VA
Carroll_AR,Carroll_AR
Carroll_GA,Carroll_GA
Carroll_IA,Carroll_IA
Carroll_IL,Carroll_IL
Carroll_IN,Carroll_IN
Carroll_KY,Carroll_KY
Carroll_MD,Carroll_MD
Carroll_MO,Carroll_MO
Carroll_MS,Carroll_MS
Carroll_NH,Carroll_NH
Carroll_OH,Carroll_OH
Carroll_TN,Carroll_TN
Carroll_VA,Carroll_VA
Carson City_NV,Carson City_NV
Carson_TX,Carson_TX
Carter_KY,Carter_KY
Carter_MO,Carter_MO
Carter_MT,Carter_MT
Carter_OK,Carter_OK
Carter_TN,Carter_TN
Carteret_NC,Carteret_NC
Carver_MN,Carver_MN
Cascade_MT,Cascade_MT
Casey_KY,Casey_KY
Cass_IA,Cass_IA
Cass_IL,Cass_IL
Cass_IN,Cass_IN
Cass_MI,Cass_MI
Cass_MN,Cass_MN
Cass_MO,Cass_MO
Cass_ND,Cass_ND
Cass_NE,Cass_NE
Cass_TX,Cass_TX
Cassia_ID,Cassia_ID
Castle_DE,Castle_DE
Castro_TX,Castro_TX
Caswell_NC,Caswell_NC
Catahoula Parish_LA,Catahoula Parish_LA
Catahoula_LA,Catahoula_LA
Catawba_NC,Catawba_NC
Catoosa_GA,Catoosa_GA
Catron_NM,Catron_NM
Cattaraugus_NY,Cattaraugus_NY
Cavalier_ND,Cavalier_ND
Cayuga_NY,Cayuga_NY
Cecil_MD,Cecil_MD
Cedar_IA,Cedar_IA
Cedar_MO,Cedar_MO
Cedar_NE,Cedar_NE
Centre_PA,Centre_PA
Cerro Gordo_IA,Cerro Gordo_IA
Cerro gordo_IO,Cerro gordo_IO
Chaffee_CO,Chaffee_CO
Chambers_AL,Chambers_AL
Chambers_TX,Chambers_TX
Champaign_IL,Champaign_IL
Champaign_OH,Champaign_OH
Chariton_MO,Chariton_MO
Charles City_VA,Charles City_VA
Charles Mix_SD,Charles Mix_SD
Charles_MD,Charles_MD
Charleston_SC,Charleston_SC
Charlevoix_MI,Charlevoix_MI
Charlotte_FL,Charlotte_FL
Charlotte_VA,Charlotte_VA
Charlottesville city_VA,Charlottesville city_VA
Charlottesville_VA,Charlottesville_VA
Charlton_GA,Charlton_GA
Chase_KS,Chase_KS
Chase_NE,Chase_NE
Chatham_GA,Chatham_GA
Chatham_NC,Chatham_NC
Chattahoochee_GA,Chattahoochee_GA
Chattooga_GA,Chattooga_GA
Chautauqua_KS,Chautauqua_KS
Chautauqua_NY,Chautauqua_NY
Chaves_NM,Chaves_NM
Cheatham_TN,Cheatham_TN
Cheboygan_MI,Cheboygan_MI
Chelan_WA,Chelan_WA
Chemung_NY,Chemung_NY
Chenango_NY,Chenango_NY
Cherokee_AL,Cherokee_AL
Cherokee_GA,Cherokee_GA
Cherokee_IA,Cherokee_IA
Cherokee_KS,Cherokee_KS
Cherokee_NC,Cherokee_NC
Cherokee_OK,Cherokee_OK
Cherokee_SC,Cherokee_SC
Cherokee_TX,Cherokee_TX
Cherry_NE,Cherry_NE
Chesapeake city_VA,Chesapeake city_VA
Chesapeake_VA,Chesapeake_VA
Cheshire_NH,Cheshire_NH
Chester_PA,Chester_PA
Chester_SC,Chester_SC
Chester_TN,Chester_TN
Chesterfield_SC,Chesterfield_SC
Chesterfield_VA,Chesterfield_VA
Cheyenne_CO,Cheyenne_CO
Cheyenne_KS,Cheyenne_KS
Cheyenne_NE,Cheyenne_NE
Chickasaw_IA,Chickasaw_IA
Chickasaw_MS,Chickasaw_MS
Chicot_AR,Chicot_AR
Childress_TX,Childress_TX
Chilton_AL,Chilton_AL
Chippewa_MI,Chippewa_MI
Chippewa_MN,Chippewa_MN
Chippewa_WI,Chippewa_WI
Chisago_MN,Chisago_MN
Chittenden_VT,Chittenden_VT
Choctaw_AL,Choctaw_AL
Choctaw_MS,Choctaw_MS
Choctaw_OK,Choctaw_OK
Chouteau_MT,Chouteau_MT
Chowan_NC,Chowan_NC
Christian_IL,Christian_IL
Christian_KY,Christian_KY
Christian_MO,Christian_MO
Chugach_AK,Chugach_AK
Churchill_NV,Churchill_NV
Cibola_NM,Cibola_NM
Cimarron_OK,Cimarron_OK
Citrus_FL,Citrus_FL
City_VA,City_VA
Clackamas_OR,Clackamas_OR
Claiborne Parish_LA,Claiborne Parish_LA
Claiborne_KY,Claiborne_KY
Claiborne_LA,Claiborne_LA
Claiborne_MS,Claiborne_MS
Claiborne_TN,Claiborne_TN
Clair_AL,Clair_AL
Clair_IL,Clair_IL
Clallam_WA,Clallam_WA
Clare_MI,Clare_MI
Clarendon_SC,Clarendon_SC
Clarion_PA,Clarion_PA
Clark_AR,Clark_AR
Clark_ID,Clark_ID
Clark_IL,Clark_IL
Clark_IN,Clark_IN
Clark_KS,Clark_KS
Clark_KY,Clark_KY
Clark_MO,Clark_MO
Clark_NV,Clark_NV
Clark_OH,Clark_OH
Clark_SD,Clark_SD
Clark_WA,Clark_WA
Clark_WI,Clark_WI
Clarke_AL,Clarke_AL
Clarke_GA,Clarke_GA
Clarke_IA,Clarke_IA
Clarke_MS,Clarke_MS
Clarke_VA,Clarke_VA
Clatsop_OR,Clatsop_OR
Clay_AL,Clay_AL
Clay_AR,Clay_AR
Clay_FL,Clay_FL
Clay_GA,Clay_GA
Clay_IA,Clay_IA
Clay_IL,Clay_IL
Clay_IN,Clay_IN
Clay_KS,Clay_KS
Clay_KY,Clay_KY
Clay_MN,Clay_MN
Clay_MO,Clay_MO
Clay_MS,Clay_MS
Clay_NC,Clay_NC
Clay_NE,Clay_NE
Clay_SD,Clay_SD
Clay_TN,Clay_TN
Clay_TX,Clay_TX
Clay_WV,Clay_WV
Clayton_GA,Clayton_GA
Clayton_IA,Clayton_IA
Clear Creek_CO,Clear Creek_CO
Clearfield_PA,Clearfield_PA
Clearfield_WV,Clearfield_WV
Clearwater_ID,Clearwater_ID
Clearwater_MN,Clearwater_MN
Cleburne_AL,Cleburne_AL
Cleburne_AR,Cleburne_AR
Clermont_OH,Clermont_OH
Cleveland_AR,Cleveland_AR
Cleveland_NC,Cleveland_NC
Cleveland_OK,Cleveland_OK
Clinch_GA,Clinch_GA
Clinton_IA,Clinton_IA
Clinton_IL,Clinton_IL
Clinton_IN,Clinton_IN
Clinton_KY,Clinton_KY
Clinton_MI,Clinton_MI
Clinton_MO,Clinton_MO
Clinton_NY,Clinton_NY
Clinton_OH,Clinton_OH
Clinton_PA,Clinton_PA
Cloud_KS,Cloud_KS
Coahoma_MS,Coahoma_MS
Coal_OK,Coal_OK
Cobb_GA,Cobb_GA
Cochise_AZ,Cochise_AZ
Cochran_TX,Cochran_TX
Cocke_TN,Cocke_TN
Coconino_AZ,Coconino_AZ
Codington_SD,Codington_SD
Coffee_AL,Coffee_AL
Coffee_GA,Coffee_GA
Coffee_TN,Coffee_TN
Coffey_KS,Coffey_KS
Coke_TX,Coke_TX
Colbert_AL,Colbert_AL
Cole_MO,Cole_MO
Coleman_TX,Coleman_TX
Coles_IL,Coles_IL
Colfax_NE,Colfax_NE
Colfax_NM,Colfax_NM
Colleton_SC,Colleton_SC
Collier_FL,Collier_FL
Collin_TX,Collin_TX
Collingsworth_TX,Collingsworth_TX
Colonial Heights city_VA,Colonial Heights city_VA
Colonial Heights_VA,Colonial Heights_VA
Colorado_TX,Colorado_TX
Colquitt_GA,Colquitt_GA
Columbia_AR,Columbia_AR
Columbia_FL,Columbia_FL
Columbia_GA,Columbia_GA
Columbia_NY,Columbia_NY
Columbia_OR,Columbia_OR
Columbia_PA,Columbia_PA
Columbia_WA,Columbia_WA
Columbia_WI,Columbia_WI
Columbiana_OH,Columbiana_OH
Columbiana_PA,Columbiana_PA
Columbus_NC,Columbus_NC
Colusa_CA,Colusa_CA
Comal_TX,Comal_TX
Comanche_KS,Comanche_KS
Comanche_OK,Comanche_OK
Comanche_TX,Comanche_TX
Concho_TX,Concho_TX
Concordia Parish_LA,Concordia Parish_LA
Concordia_LA,Concordia_LA
Conecuh_AL,Conecuh_AL
Conejos_CO,Conejos_CO
Consolidated Municipality of C_NV,Consolidated Municipality of C_NV
Contra Costa_CA,Contra Costa_CA
Converse_WY,Converse_WY
Conway_AR,Conway_AR
Cook_GA,Cook_GA
Cook_IL,Cook_IL
Cook_MN,Cook_MN
Cooke_TX,Cooke_TX
Cooper_MO,Cooper_MO
Coos_NH,Coos_NH
Coos_OR,Coos_OR
Coosa_AL,Coosa_AL
Copiah_MS,Copiah_MS
Copper River_AK,Copper River_AK
Corson_SD,Corson_SD
Cortland_NY,Cortland_NY
Coryell_TX,Coryell_TX
Coshocton_OH,Coshocton_OH
Costilla_CO,Costilla_CO
Cottle_TX,Cottle_TX
Cotton_OK,Cotton_OK
Cottonwood_MN,Cottonwood_MN
Covington city_VA,Covington city_VA
Covington_AL,Covington_AL
Covington_MS,Covington_MS
Covington_VA,Covington_VA
Coweta_GA,Coweta_GA
Cowley_KS,Cowley_KS
Cowlitz_WA,Cowlitz_WA
Craig_OK,Craig_OK
Craig_VA,Craig_VA
Craig_WV,Craig_WV
Craighead_AR,Craighead_AR
Crane_TX,Crane_TX
Craven_NC,Craven_NC
Crawford_AR,Crawford_AR
Crawford_GA,Crawford_GA
Crawford_IA,Crawford_IA
Crawford_IL,Crawford_IL
Crawford_IN,Crawford_IN
Crawford_KS,Crawford_KS
Crawford_MI,Crawford_MI
Crawford_MO,Crawford_MO
Crawford_OH,Crawford_OH
Crawford_PA,Crawford_PA
Crawford_WI,Crawford_WI
Creek_OK,Creek_OK
Crenshaw_AL,Crenshaw_AL
Crisp_GA,Crisp_GA
Crittenden_AR,Crittenden_AR
Crittenden_KY,Crittenden_KY
Crockett_TN,Crockett_TN
Crockett_TX,Crockett_TX
Crook_OR,Crook_OR
Crook_WY,Crook_WY
Crosby_TX,Crosby_TX
Cross_AR,Cross_AR
Crow Wing_MN,Crow Wing_MN
Crow_MN,Crow_MN
Crowley_CO,Crowley_CO
Culberson_TX,Culberson_TX
Cullman_AL,Cullman_AL
Culpeper_VA,Culpeper_VA
Cumberland_IL,Cumberland_IL
Cumberland_KY,Cumberland_KY
Cumberland_ME,Cumberland_ME
Cumberland_NC,Cumberland_NC
Cumberland_NJ,Cumberland_NJ
Cumberland_PA,Cumberland_PA
Cumberland_TN,Cumberland_TN
Cumberland_VA,Cumberland_VA
Cuming_NE,Cuming_NE
Currituck_NC,Currituck_NC
Curry_NM,Curry_NM
Curry_OR,Curry_OR
Custer_CO,Custer_CO
Custer_ID,Custer_ID
Custer_MT,Custer_MT
Custer_NE,Custer_NE
Custer_OK,Custer_OK
Custer_SD,Custer_SD
Cuyahoga_OH,Cuyahoga_OH
Dade_GA,Dade_GA
Dade_MO,Dade_MO
Daggett_UT,Daggett_UT
Dakota_MN,Dakota_MN
Dakota_NE,Dakota_NE
Dale_AL,Dale_AL
Dallam_TX,Dallam_TX
Dallas_AL,Dallas_AL
Dallas_AR,Dallas_AR
Dallas_IA,Dallas_IA
Dallas_MO,Dallas_MO
Dallas_TX,Dallas_TX
Dane_WI,Dane_WI
Daniels_MT,Daniels_MT
Danville city_VA,Danville city_VA
Danville_VA,Danville_VA
Dare_NC,Dare_NC
Darke_OH,Darke_OH
Darlington_SC,Darlington_SC
Dauphin_PA,Dauphin_PA
Davidson_NC,Davidson_NC
Davidson_TN,Davidson_TN
Davie_NC,Davie_NC
Daviess_IL,Daviess_IL
Daviess_IN,Daviess_IN
Daviess_KY,Daviess_KY
Daviess_MO,Daviess_MO
Davis_IA,Davis_IA
Davis_UT,Davis_UT
Davison_SD,Davison_SD
Dawes_NE,Dawes_NE
Dawson_GA,Dawson_GA
Dawson_MT,Dawson_MT
Dawson_NE,Dawson_NE
Dawson_TX,Dawson_TX
Day_SD,Day_SD
De Baca_NM,De Baca_NM
De Soto Parish_LA,De Soto Parish_LA
De Soto_LA,De Soto_LA
De Witt_IL,De Witt_IL
De_IL,De_IL
Deaf Smith_TX,Deaf Smith_TX
Dearborn_IN,Dearborn_IN
Decatur_GA,Decatur_GA
Decatur_IA,Decatur_IA
Decatur_IN,Decatur_IN
Decatur_KS,Decatur_KS
Decatur_TN,Decatur_TN
Deer Lodge_MT,Deer Lodge_MT
Defiance_OH,Defiance_OH
DeKalb_AL,DeKalb_AL
DeKalb_GA,DeKalb_GA
DeKalb_IL,DeKalb_IL
DeKalb_IN,DeKalb_IN
DeKalb_MO,DeKalb_MO
DeKalb_TN,DeKalb_TN
Del Norte_CA,Del Norte_CA
Delaware_IA,Delaware_IA
Delaware_IN,Delaware_IN
Delaware_NY,Delaware_NY
Delaware_OH,Delaware_OH
Delaware_OK,Delaware_OK
Delaware_PA,Delaware_PA
Delta_CO,Delta_CO
Delta_MI,Delta_MI
Delta_TX,Delta_TX
Denali Borough_AK,Denali Borough_AK
Denali_AK,Denali_AK
Dent_MO,Dent_MO
Denton_TX,Denton_TX
Denver_CO,Denver_CO
Des Moines_IA,Des Moines_IA
Deschutes_OR,Deschutes_OR
Desha_AR,Desha_AR
DeSoto_FL,DeSoto_FL
DeSoto_LA,DeSoto_LA
DeSoto_MS,DeSoto_MS
Deuel_NE,Deuel_NE
Deuel_SD,Deuel_SD
Dewey_OK,Dewey_OK
Dewey_SD,Dewey_SD
DeWitt_TX,DeWitt_TX
Dickens_TX,Dickens_TX
Dickenson_KY,Dickenson_KY
Dickenson_VA,Dickenson_VA
Dickenson_WV,Dickenson_WV
Dickey_ND,Dickey_ND
Dickinson_IA,Dickinson_IA
Dickinson_KS,Dickinson_KS
Dickinson_MI,Dickinson_MI
Dickson_TN,Dickson_TN
Dillingham Census Area_AK,Dillingham Census Area_AK
Dillingham_AK,Dillingham_AK
Dillon_SC,Dillon_SC
Dimmit_TX,Dimmit_TX
Dinwiddie_VA,Dinwiddie_VA
District of Columbia_DC,District of Columbia_DC
Divide_ND,Divide_ND
Dixie_FL,Dixie_FL
Dixon_NE,Dixon_NE
Do├▒a Ana_NM,Do├▒a Ana_NM
Doddridge_WV,Doddridge_WV
Dodge_GA,Dodge_GA
Dodge_MN,Dodge_MN
Dodge_NE,Dodge_NE
Dodge_WI,Dodge_WI
Dolores_CO,Dolores_CO
Dona Ana_NM,Dona Ana_NM
Doniphan_KS,Doniphan_KS
Donley_TX,Donley_TX
Dooly_GA,Dooly_GA
Door_WI,Door_WI
Dorchester_MD,Dorchester_MD
Dorchester_SC,Dorchester_SC
Dougherty_GA,Dougherty_GA
Douglas_CO,Douglas_CO
Douglas_GA,Douglas_GA
Douglas_IL,Douglas_IL
Douglas_KS,Douglas_KS
Douglas_MN,Douglas_MN
Douglas_MO,Douglas_MO
Douglas_NE,Douglas_NE
Douglas_NV,Douglas_NV
Douglas_OR,Douglas_OR
Douglas_SD,Douglas_SD
Douglas_WA,Douglas_WA
Douglas_WI,Douglas_WI
Drew_AR,Drew_AR
Dubois_IN,Dubois_IN
Dubuque_IA,Dubuque_IA
Duchesne_UT,Duchesne_UT
Dukes_MA,Dukes_MA
Dundy_NE,Dundy_NE
Dunklin_MO,Dunklin_MO
Dunn_ND,Dunn_ND
Dunn_WI,Dunn_WI
DuPage_IL,DuPage_IL
Duplin_NC,Duplin_NC
Durham_NC,Durham_NC
Dutchess_NY,Dutchess_NY
Duval_FL,Duval_FL
Duval_TX,Duval_TX
Dyer_TN,Dyer_TN
Eagle_CO,Eagle_CO
Early_GA,Early_GA
East Baton Rouge Parish_LA,East Baton Rouge Parish_LA
East Baton Rouge_LA,East Baton Rouge_LA
East Carroll Parish_LA,East Carroll Parish_LA
East Carroll_LA,East Carroll_LA
East Feliciana Parish_LA,East Feliciana Parish_LA
East Feliciana_LA,East Feliciana_LA
Eastland_TX,Eastland_TX
Eaton_MI,Eaton_MI
Eau Claire_WI,Eau Claire_WI
Echols_GA,Echols_GA
Ector_TX,Ector_TX
Eddy_ND,Eddy_ND
Eddy_NM,Eddy_NM
Edgar_IL,Edgar_IL
Edgar_IN,Edgar_IN
Edgecombe_NC,Edgecombe_NC
Edgefield_SC,Edgefield_SC
Edmonson_KY,Edmonson_KY
Edmunds_SD,Edmunds_SD
Edward_VA,Edward_VA
Edwards_IL,Edwards_IL
Edwards_KS,Edwards_KS
Edwards_TX,Edwards_TX
Effingham_GA,Effingham_GA
Effingham_IL,Effingham_IL
El Dorado_CA,El Dorado_CA
El Paso_CO,El Paso_CO
El Paso_TX,El Paso_TX
Elbert_CO,Elbert_CO
Elbert_GA,Elbert_GA
Elk_KS,Elk_KS
Elk_PA,Elk_PA
Elkhart_IN,Elkhart_IN
Elko_NV,Elko_NV
Elliott_KY,Elliott_KY
Ellis_KS,Ellis_KS
Ellis_OK,Ellis_OK
Ellis_TX,Ellis_TX
Ellsworth_KS,Ellsworth_KS
Elmore_AL,Elmore_AL
Elmore_ID,Elmore_ID
Emanuel_GA,Emanuel_GA
Emery_UT,Emery_UT
Emmet_IA,Emmet_IA
Emmet_MI,Emmet_MI
Emmons_ND,Emmons_ND
Emporia_VA,Emporia_VA
Erath_TX,Erath_TX
Erie_NY,Erie_NY
Erie_OH,Erie_OH
Erie_PA,Erie_PA
Escambia_AL,Escambia_AL
Escambia_FL,Escambia_FL
Esmeralda_NV,Esmeralda_NV
Essex_MA,Essex_MA
Essex_NJ,Essex_NJ
Essex_NY,Essex_NY
Essex_VA,Essex_VA
Essex_VT,Essex_VT
Estill_KY,Estill_KY
Etowah_AL,Etowah_AL
Eureka_NV,Eureka_NV
Evangeline Parish_LA,Evangeline Parish_LA
Evangeline_LA,Evangeline_LA
Evans_GA,Evans_GA
Fairbanks North Star Borough_AK,Fairbanks North Star Borough_AK
Fairbanks North Star_AK,Fairbanks North Star_AK
Fairfax city_VA,Fairfax city_VA
Fairfax_VA,Fairfax_VA
Fairfield_CT,Fairfield_CT
Fairfield_OH,Fairfield_OH
Fairfield_SC,Fairfield_SC
Fall River_SD,Fall River_SD
Fallon_MT,Fallon_MT
Falls Church city_VA,Falls Church city_VA
Falls Church_VA,Falls Church_VA
Falls_TX,Falls_TX
Fannin_GA,Fannin_GA
Fannin_TX,Fannin_TX
Faribault_MN,Faribault_MN
Faulk_SD,Faulk_SD
Faulkner_AR,Faulkner_AR
Fauquier_VA,Fauquier_VA
Fayette_AL,Fayette_AL
Fayette_AZ,Fayette_AZ
Fayette_GA,Fayette_GA
Fayette_IA,Fayette_IA
Fayette_IL,Fayette_IL
Fayette_IN,Fayette_IN
Fayette_KY,Fayette_KY
Fayette_OH,Fayette_OH
Fayette_PA,Fayette_PA
Fayette_TN,Fayette_TN
Fayette_TX,Fayette_TX
Fayette_WV,Fayette_WV
Fentress_TN,Fentress_TN
Fergus_MT,Fergus_MT
Ferry_WA,Ferry_WA
Fillmore_MN,Fillmore_MN
Fillmore_NE,Fillmore_NE
Finney_KS,Finney_KS
Fisher_TX,Fisher_TX
Flagler_FL,Flagler_FL
Flathead_MT,Flathead_MT
Fleming_KY,Fleming_KY
Flore_OK,Flore_OK
Florence_SC,Florence_SC
Florence_WI,Florence_WI
Floyd_GA,Floyd_GA
Floyd_IA,Floyd_IA
Floyd_IN,Floyd_IN
Floyd_KY,Floyd_KY
Floyd_TX,Floyd_TX
Floyd_VA,Floyd_VA
Fluvanna_VA,Fluvanna_VA
Foard_TX,Foard_TX
Fond du Lac_WI,Fond du Lac_WI
Ford_IL,Ford_IL
Ford_KS,Ford_KS
Forest_PA,Forest_PA
Forest_WI,Forest_WI
Forrest_MS,Forrest_MS
Forsyth_GA,Forsyth_GA
Forsyth_NC,Forsyth_NC
Fort Bend_TX,Fort Bend_TX
Foster_ND,Foster_ND
Fountain_IN,Fountain_IN
Franklin city_VA,Franklin city_VA
Franklin Parish_LA,Franklin Parish_LA
Franklin_AL,Franklin_AL
Franklin_AR,Franklin_AR
Franklin_FL,Franklin_FL
Franklin_GA,Franklin_GA
Franklin_IA,Franklin_IA
Franklin_ID,Franklin_ID
Franklin_IL,Franklin_IL
Franklin_IN,Franklin_IN
Franklin_KS,Franklin_KS
Franklin_KY,Franklin_KY
Franklin_LA,Franklin_LA
Franklin_MA,Franklin_MA
Franklin_ME,Franklin_ME
Franklin_MO,Franklin_MO
Franklin_MS,Franklin_MS
Franklin_NC,Franklin_NC
Franklin_NE,Franklin_NE
Franklin_NY,Franklin_NY
Franklin_OH,Franklin_OH
Franklin_PA,Franklin_PA
Franklin_TN,Franklin_TN
Franklin_TX,Franklin_TX
Franklin_VA,Franklin_VA
Franklin_VT,Franklin_VT
Franklin_WA,Franklin_WA
Frederick_MD,Frederick_MD
Frederick_VA,Frederick_VA
Fredericksburg city_VA,Fredericksburg city_VA
Fredericksburg_VA,Fredericksburg_VA
Freeborn_MN,Freeborn_MN
Freestone_TX,Freestone_TX
Fremont_CO,Fremont_CO
Fremont_IA,Fremont_IA
Fremont_ID,Fremont_ID
Fremont_WY,Fremont_WY
Fresno_CA,Fresno_CA
Frio_TX,Frio_TX
Frontier_NE,Frontier_NE
Fulton_AR,Fulton_AR
Fulton_GA,Fulton_GA
Fulton_IL,Fulton_IL
Fulton_IN,Fulton_IN
Fulton_KY,Fulton_KY
Fulton_NY,Fulton_NY
Fulton_OH,Fulton_OH
Fulton_PA,Fulton_PA
Furnas_NE,Furnas_NE
Gadsden_FL,Gadsden_FL
Gage_NE,Gage_NE
Gaines_TX,Gaines_TX
Galax city_VA,Galax city_VA
Galax_VA,Galax_VA
Gallatin_IL,Gallatin_IL
Gallatin_KY,Gallatin_KY
Gallatin_MT,Gallatin_MT
Gallia_OH,Gallia_OH
Galveston_TX,Galveston_TX
Garden_NE,Garden_NE
Garfield_CO,Garfield_CO
Garfield_MT,Garfield_MT
Garfield_NE,Garfield_NE
Garfield_OK,Garfield_OK
Garfield_UT,Garfield_UT
Garfield_WA,Garfield_WA
Garland_AR,Garland_AR
Garrard_KY,Garrard_KY
Garrett_MD,Garrett_MD
Garrett_PA,Garrett_PA
Garrett_WV,Garrett_WV
Garvin_OK,Garvin_OK
Garza_TX,Garza_TX
Gasconade_MO,Gasconade_MO
Gaston_NC,Gaston_NC
Gates_NC,Gates_NC
Geary_KS,Geary_KS
Geauga_OH,Geauga_OH
Gem_ID,Gem_ID
Genesee_MI,Genesee_MI
Genesee_NY,Genesee_NY
Geneva_AL,Geneva_AL
Gentry_MO,Gentry_MO
George_MS,George_MS
Georgetown_SC,Georgetown_SC
Gibson_IN,Gibson_IN
Gibson_TN,Gibson_TN
Gila_AZ,Gila_AZ
Gilchrist_FL,Gilchrist_FL
Giles_TN,Giles_TN
Giles_VA,Giles_VA
Giles_WV,Giles_WV
Gillespie_TX,Gillespie_TX
Gilliam_OR,Gilliam_OR
Gilmer_GA,Gilmer_GA
Gilmer_KY,Gilmer_KY
Gilmer_WV,Gilmer_WV
Gilpin_CO,Gilpin_CO
Glacier_MT,Glacier_MT
Glades_FL,Glades_FL
Gladwin_MI,Gladwin_MI
Glascock_GA,Glascock_GA
Glasscock_TX,Glasscock_TX
Glenn_CA,Glenn_CA
Gloucester_NJ,Gloucester_NJ
Gloucester_VA,Gloucester_VA
Glynn_GA,Glynn_GA
Gogebic_MI,Gogebic_MI
Gogebic_WI,Gogebic_WI
Golden Valley_MT,Golden Valley_MT
Golden Valley_ND,Golden Valley_ND
Goliad_TX,Goliad_TX
Gonzales_TX,Gonzales_TX
Goochland_VA,Goochland_VA
Goodhue_MN,Goodhue_MN
Gooding_ID,Gooding_ID
Gordon_GA,Gordon_GA
Goshen_WY,Goshen_WY
Gosper_NE,Gosper_NE
Gove_KS,Gove_KS
Grady_GA,Grady_GA
Grady_OK,Grady_OK
Grafton_NH,Grafton_NH
Graham_AZ,Graham_AZ
Graham_KS,Graham_KS
Graham_NC,Graham_NC
Grainger_TN,Grainger_TN
Grand Forks_ND,Grand Forks_ND
Grand Isle_VT,Grand Isle_VT
Grand Traverse_MI,Grand Traverse_MI
Grand_CO,Grand_CO
Grand_UT,Grand_UT
Granite_MT,Granite_MT
Grant Parish_LA,Grant Parish_LA
Grant_AR,Grant_AR
Grant_IN,Grant_IN
Grant_KS,Grant_KS
Grant_KY,Grant_KY
Grant_LA,Grant_LA
Grant_MD,Grant_MD
Grant_MN,Grant_MN
Grant_ND,Grant_ND
Grant_NE,Grant_NE
Grant_NM,Grant_NM
Grant_OK,Grant_OK
Grant_OR,Grant_OR
Grant_SD,Grant_SD
Grant_WA,Grant_WA
Grant_WI,Grant_WI
Grant_WV,Grant_WV
Granville_NC,Granville_NC
Gratiot_MI,Gratiot_MI
Graves_KY,Graves_KY
Gray_KS,Gray_KS
Gray_TX,Gray_TX
Grays Harbor_WA,Grays Harbor_WA
Grayson_KY,Grayson_KY
Grayson_TX,Grayson_TX
Grayson_VA,Grayson_VA
Greater Bridgeport_CT,Greater Bridgeport_CT
Greeley_KS,Greeley_KS
Greeley_NE,Greeley_NE
Green Lake_WI,Green Lake_WI
Green_KY,Green_KY
Green_WI,Green_WI
Greenbrier_WV,Greenbrier_WV
Greene_AL,Greene_AL
Greene_AR,Greene_AR
Greene_GA,Greene_GA
Greene_IA,Greene_IA
Greene_IL,Greene_IL
Greene_IN,Greene_IN
Greene_MO,Greene_MO
Greene_MS,Greene_MS
Greene_NC,Greene_NC
Greene_NY,Greene_NY
Greene_OH,Greene_OH
Greene_PA,Greene_PA
Greene_TN,Greene_TN
Greene_VA,Greene_VA
Greene_WV,Greene_WV
Greenlee_AZ,Greenlee_AZ
Greensville_VA,Greensville_VA
Greenup_KY,Greenup_KY
Greenville_SC,Greenville_SC
Greenwood_KS,Greenwood_KS
Greenwood_SC,Greenwood_SC
Greer_OK,Greer_OK
Gregg_TX,Gregg_TX
Gregory_SD,Gregory_SD
Grenada_MS,Grenada_MS
Griggs_ND,Griggs_ND
Grimes_TX,Grimes_TX
Grundy_IA,Grundy_IA
Grundy_IL,Grundy_IL
Grundy_MO,Grundy_MO
Grundy_TN,Grundy_TN
Guadalupe_NM,Guadalupe_NM
Guadalupe_TX,Guadalupe_TX
Guernsey_OH,Guernsey_OH
Guilford_NC,Guilford_NC
Gulf_FL,Gulf_FL
Gunnison_CO,Gunnison_CO
Guthrie_IA,Guthrie_IA
Gwinnett_GA,Gwinnett_GA
Haakon_SD,Haakon_SD
Habersham_GA,Habersham_GA
Haines Borough_AK,Haines Borough_AK
Haines_AK,Haines_AK
Hale_AL,Hale_AL
Hale_TX,Hale_TX
Halifax_NC,Halifax_NC
Halifax_VA,Halifax_VA
Hall_GA,Hall_GA
Hall_NE,Hall_NE
Hall_TX,Hall_TX
Hamblen_TN,Hamblen_TN
Hamilton_FL,Hamilton_FL
Hamilton_IA,Hamilton_IA
Hamilton_IL,Hamilton_IL
Hamilton_IN,Hamilton_IN
Hamilton_KS,Hamilton_KS
Hamilton_NE,Hamilton_NE
Hamilton_NY,Hamilton_NY
Hamilton_OH,Hamilton_OH
Hamilton_TN,Hamilton_TN
Hamilton_TX,Hamilton_TX
Hamlin_SD,Hamlin_SD
Hampden_MA,Hampden_MA
Hampshire_MA,Hampshire_MA
Hampshire_WV,Hampshire_WV
Hampton city_VA,Hampton city_VA
Hampton_SC,Hampton_SC
Hampton_VA,Hampton_VA
Hancock_GA,Hancock_GA
Hancock_IA,Hancock_IA
Hancock_IL,Hancock_IL
Hancock_IN,Hancock_IN
Hancock_KY,Hancock_KY
Hancock_ME,Hancock_ME
Hancock_MS,Hancock_MS
Hancock_OH,Hancock_OH
Hancock_TN,Hancock_TN
Hancock_WV,Hancock_WV
Hand_SD,Hand_SD
Hanover_VA,Hanover_VA
Hansford_TX,Hansford_TX
Hanson_SD,Hanson_SD
Haralson_GA,Haralson_GA
Hardee_FL,Hardee_FL
Hardeman_TN,Hardeman_TN
Hardeman_TX,Hardeman_TX
Hardin_IA,Hardin_IA
Hardin_IL,Hardin_IL
Hardin_KY,Hardin_KY
Hardin_OH,Hardin_OH
Hardin_TN,Hardin_TN
Hardin_TX,Hardin_TX
Harding_NM,Harding_NM
Harding_SD,Harding_SD
Hardy_WV,Hardy_WV
Harford_MD,Harford_MD
Harford_PA,Harford_PA
Harlan_KY,Harlan_KY
Harlan_NE,Harlan_NE
Harlan_VA,Harlan_VA
Harmon_OK,Harmon_OK
Harnett_NC,Harnett_NC
Harney_OR,Harney_OR
Harper_KS,Harper_KS
Harper_OK,Harper_OK
Harris_GA,Harris_GA
Harris_TX,Harris_TX
Harrison_IA,Harrison_IA
Harrison_IN,Harrison_IN
Harrison_KY,Harrison_KY
Harrison_MO,Harrison_MO
Harrison_MS,Harrison_MS
Harrison_OH,Harrison_OH
Harrison_TX,Harrison_TX
Harrison_WV,Harrison_WV
Harrisonburg city_VA,Harrisonburg city_VA
Harrisonburg_VA,Harrisonburg_VA
Hart_GA,Hart_GA
Hart_KY,Hart_KY
Hartford_CT,Hartford_CT
Hartley_TX,Hartley_TX
Harvey_KS,Harvey_KS
Haskell_KS,Haskell_KS
Haskell_OK,Haskell_OK
Haskell_TX,Haskell_TX
Haven_CT,Haven_CT
Hawaii_HI,Hawaii_HI
Hawkins_TN,Hawkins_TN
Hayes_NE,Hayes_NE
Hays_TX,Hays_TX
Haywood_NC,Haywood_NC
Haywood_TN,Haywood_TN
Heard_GA,Heard_GA
Hemphill_TX,Hemphill_TX
Hempstead_AR,Hempstead_AR
Henderson_IL,Henderson_IL
Henderson_KY,Henderson_KY
Henderson_NC,Henderson_NC
Henderson_TN,Henderson_TN
Henderson_TX,Henderson_TX
Hendricks_IN,Hendricks_IN
Hendry_FL,Hendry_FL
Hennepin_MN,Hennepin_MN
Henrico_VA,Henrico_VA
Henry_AL,Henry_AL
Henry_GA,Henry_GA
Henry_IA,Henry_IA
Henry_IL,Henry_IL
Henry_IN,Henry_IN
Henry_KY,Henry_KY
Henry_MO,Henry_MO
Henry_OH,Henry_OH
Henry_TN,Henry_TN
Henry_VA,Henry_VA
Herkimer_NY,Herkimer_NY
Hernando_FL,Hernando_FL
Hertford_NC,Hertford_NC
Hettinger_ND,Hettinger_ND
Hickman_KY,Hickman_KY
Hickman_TN,Hickman_TN
Hickory_MO,Hickory_MO
Hidalgo_NM,Hidalgo_NM
Hidalgo_TX,Hidalgo_TX
Highland_OH,Highland_OH
Highland_VA,Highland_VA
Highlands_FL,Highlands_FL
Hill_MT,Hill_MT
Hill_TX,Hill_TX
Hillsborough_FL,Hillsborough_FL
Hillsborough_NH,Hillsborough_NH
Hillsdale_MI,Hillsdale_MI
Hinds_MS,Hinds_MS
Hinsdale_CO,Hinsdale_CO
Hitchcock_NE,Hitchcock_NE
Hocking_OH,Hocking_OH
Hockley_TX,Hockley_TX
Hodgeman_KS,Hodgeman_KS
Hoke_NC,Hoke_NC
Holmes_FL,Holmes_FL
Holmes_MS,Holmes_MS
Holmes_OH,Holmes_OH
Holt_MO,Holt_MO
Holt_NE,Holt_NE
Honolulu_HI,Honolulu_HI
Hood River_OR,Hood River_OR
Hood_TX,Hood_TX
Hooker_NE,Hooker_NE
Hoonah-Angoon Census Area_AK,Hoonah-Angoon Census Area_AK
Hoonah-Angoon_AK,Hoonah-Angoon_AK
Hopewell city_VA,Hopewell city_VA
Hopewell_VA,Hopewell_VA
Hopkins_KY,Hopkins_KY
Hopkins_TX,Hopkins_TX
Horry_SC,Horry_SC
Hot Spring_AR,Hot Spring_AR
Hot Springs_WY,Hot Springs_WY
Houghton_MI,Houghton_MI
Houston_AL,Houston_AL
Houston_FL,Houston_FL
Houston_GA,Houston_GA
Houston_MN,Houston_MN
Houston_TN,Houston_TN
Houston_TX,Houston_TX
Howard_AR,Howard_AR
Howard_IA,Howard_IA
Howard_IN,Howard_IN
Howard_MD,Howard_MD
Howard_MO,Howard_MO
Howard_NE,Howard_NE
Howard_TX,Howard_TX
Howell_MO,Howell_MO
Hubbard_MN,Hubbard_MN
Hudson_NJ,Hudson_NJ
Hudspeth_TX,Hudspeth_TX
Huerfano_CO,Huerfano_CO
Hughes_OK,Hughes_OK
Hughes_SD,Hughes_SD
Humboldt_CA,Humboldt_CA
Humboldt_IA,Humboldt_IA
Humboldt_NV,Humboldt_NV
Humphreys_MS,Humphreys_MS
Humphreys_TN,Humphreys_TN
Hunt_TX,Hunt_TX
Hunterdon_NJ,Hunterdon_NJ
Huntingdon_PA,Huntingdon_PA
Huntingdon_WV,Huntingdon_WV
Huntington_IN,Huntington_IN
Huron_MI,Huron_MI
Huron_OH,Huron_OH
Hutchinson_SD,Hutchinson_SD
Hutchinson_TX,Hutchinson_TX
Hyde_NC,Hyde_NC
Hyde_SD,Hyde_SD
Iberia Parish_LA,Iberia Parish_LA
Iberia_LA,Iberia_LA
Iberville Parish_LA,Iberville Parish_LA
Iberville_LA,Iberville_LA
Ida_IA,Ida_IA
Idaho_ID,Idaho_ID
Imperial_CA,Imperial_CA
Independence_AR,Independence_AR
Independent Cities_VA,Independent Cities_VA
Independent_DC,Independent_DC
Independent_MD,Independent_MD
Indian River_FL,Indian River_FL
Indiana_PA,Indiana_PA
Ingham_MI,Ingham_MI
Inyo_CA,Inyo_CA
Ionia_MI,Ionia_MI
Iosco_MI,Iosco_MI
Iowa_IA,Iowa_IA
Iowa_WI,Iowa_WI
Iredell_NC,Iredell_NC
Irion_TX,Irion_TX
Iron_MI,Iron_MI
Iron_MO,Iron_MO
Iron_UT,Iron_UT
Iron_WI,Iron_WI
Iroquois_IL,Iroquois_IL
Irwin_GA,Irwin_GA
Isabella_MI,Isabella_MI
Isanti_MN,Isanti_MN
Island_IL,Island_IL
Island_WA,Island_WA
Isle of Wight_VA,Isle of Wight_VA
Issaquena_MS,Issaquena_MS
Itasca_MN,Itasca_MN
Itawamba_MS,Itawamba_MS
Izard_AR,Izard_AR
Jack_TX,Jack_TX
Jackson Parish_LA,Jackson Parish_LA
Jackson_AL,Jackson_AL
Jackson_AR,Jackson_AR
Jackson_CO,Jackson_CO
Jackson_FL,Jackson_FL
Jackson_GA,Jackson_GA
Jackson_IA,Jackson_IA
Jackson_IL,Jackson_IL
Jackson_IN,Jackson_IN
Jackson_KS,Jackson_KS
Jackson_KY,Jackson_KY
Jackson_LA,Jackson_LA
Jackson_MI,Jackson_MI
Jackson_MN,Jackson_MN
Jackson_MO,Jackson_MO
Jackson_MS,Jackson_MS
Jackson_NC,Jackson_NC
Jackson_OH,Jackson_OH
Jackson_OK,Jackson_OK
Jackson_OR,Jackson_OR
Jackson_SD,Jackson_SD
Jackson_TN,Jackson_TN
Jackson_TX,Jackson_TX
Jackson_WI,Jackson_WI
Jackson_WV,Jackson_WV
James City_VA,James City_VA
James_VA,James_VA
Jasper_GA,Jasper_GA
Jasper_IA,Jasper_IA
Jasper_IL,Jasper_IL
Jasper_IN,Jasper_IN
Jasper_MO,Jasper_MO
Jasper_MS,Jasper_MS
Jasper_SC,Jasper_SC
Jasper_TX,Jasper_TX
Jay_IN,Jay_IN
Jeff Davis_GA,Jeff Davis_GA
Jeff Davis_TX,Jeff Davis_TX
Jefferson Davis Parish_LA,Jefferson Davis Parish_LA
Jefferson Davis_LA,Jefferson Davis_LA
Jefferson Davis_MS,Jefferson Davis_MS
Jefferson Parish_LA,Jefferson Parish_LA
Jefferson_AL,Jefferson_AL
Jefferson_AR,Jefferson_AR
Jefferson_CO,Jefferson_CO
Jefferson_FL,Jefferson_FL
Jefferson_GA,Jefferson_GA
Jefferson_IA,Jefferson_IA
Jefferson_ID,Jefferson_ID
Jefferson_IL,Jefferson_IL
Jefferson_IN,Jefferson_IN
Jefferson_KS,Jefferson_KS
Jefferson_KY,Jefferson_KY
Jefferson_LA,Jefferson_LA
Jefferson_MO,Jefferson_MO
Jefferson_MS,Jefferson_MS
Jefferson_MT,Jefferson_MT
Jefferson_NE,Jefferson_NE
Jefferson_NY,Jefferson_NY
Jefferson_OH,Jefferson_OH
Jefferson_OK,Jefferson_OK
Jefferson_OR,Jefferson_OR
Jefferson_PA,Jefferson_PA
Jefferson_TN,Jefferson_TN
Jefferson_TX,Jefferson_TX
Jefferson_WA,Jefferson_WA
Jefferson_WI,Jefferson_WI
Jefferson_WV,Jefferson_WV
Jenkins_GA,Jenkins_GA
Jennings_IN,Jennings_IN
Jerauld_SD,Jerauld_SD
Jerome_ID,Jerome_ID
Jersey_IL,Jersey_IL
Jessamine_KY,Jessamine_KY
Jewell_KS,Jewell_KS
Jim Hogg_TX,Jim Hogg_TX
Jim Wells_TX,Jim Wells_TX
Jo Daviess_IL,Jo Daviess_IL
Jo_IL,Jo_IL
Johnson_AR,Johnson_AR
Johnson_GA,Johnson_GA
Johnson_IA,Johnson_IA
Johnson_IL,Johnson_IL
Johnson_IN,Johnson_IN
Johnson_KS,Johnson_KS
Johnson_KY,Johnson_KY
Johnson_MO,Johnson_MO
Johnson_NE,Johnson_NE
Johnson_TN,Johnson_TN
Johnson_TX,Johnson_TX
Johnson_WY,Johnson_WY
Johnston_NC,Johnston_NC
Johnston_OK,Johnston_OK
Jones_GA,Jones_GA
Jones_IA,Jones_IA
Jones_MS,Jones_MS
Jones_NC,Jones_NC
Jones_SD,Jones_SD
Jones_TX,Jones_TX
Josephine_OR,Josephine_OR
Juab_UT,Juab_UT
Judith Basin_MT,Judith Basin_MT
Juneau City and Borough_AK,Juneau City and Borough_AK
Juneau_AK,Juneau_AK
Juneau_WI,Juneau_WI
Juniata_PA,Juniata_PA
Kalamazoo_MI,Kalamazoo_MI
Kalawao_HI,Kalawao_HI
Kalkaska_MI,Kalkaska_MI
Kanabec_MN,Kanabec_MN
Kanawha_AZ,Kanawha_AZ
Kanawha_WV,Kanawha_WV
Kandiyohi_MN,Kandiyohi_MN
Kane_IL,Kane_IL
Kane_UT,Kane_UT
Kankakee_IL,Kankakee_IL
Karnes_TX,Karnes_TX
Kauai_HI,Kauai_HI
Kaufman_TX,Kaufman_TX
Kay_OK,Kay_OK
Kearney_NE,Kearney_NE
Kearny_KS,Kearny_KS
Keith_NE,Keith_NE
Kemper_MS,Kemper_MS
Kenai Peninsula Borough_AK,Kenai Peninsula Borough_AK
Kenai Peninsula_AK,Kenai Peninsula_AK
Kendall_IL,Kendall_IL
Kendall_TX,Kendall_TX
Kenedy_TX,Kenedy_TX
Kennebec_ME,Kennebec_ME
Kenosha_WI,Kenosha_WI
Kent_DE,Kent_DE
Kent_MD,Kent_MD
Kent_MI,Kent_MI
Kent_RI,Kent_RI
Kent_TX,Kent_TX
Kent_VA,Kent_VA
Kenton_KY,Kenton_KY
Keokuk_IA,Keokuk_IA
Kern_CA,Kern_CA
Kerr_TX,Kerr_TX
Kershaw_SC,Kershaw_SC
Ketchikan Gateway Borough_AK,Ketchikan Gateway Borough_AK
Ketchikan Gateway_AK,Ketchikan Gateway_AK
Kewaunee_WI,Kewaunee_WI
Keweenaw_MI,Keweenaw_MI
Keya Paha_NE,Keya Paha_NE
Kidder_ND,Kidder_ND
Kimball_NE,Kimball_NE
Kimble_TX,Kimble_TX
King & Queen_VA,King & Queen_VA
King and Queen_VA,King and Queen_VA
King George_VA,King George_VA
King William_VA,King William_VA
King_TX,King_TX
King_WA,King_WA
Kingfisher_OK,Kingfisher_OK
Kingman_KS,Kingman_KS
Kings_CA,Kings_CA
Kings_NY,Kings_NY
Kingsbury_SD,Kingsbury_SD
Kinney_TX,Kinney_TX
Kiowa_CO,Kiowa_CO
Kiowa_KS,Kiowa_KS
Kiowa_OK,Kiowa_OK
Kit Carson_CO,Kit Carson_CO
Kitsap_WA,Kitsap_WA
Kittitas_WA,Kittitas_WA
Kittson_MN,Kittson_MN
Klamath_OR,Klamath_OR
Kleberg_TX,Kleberg_TX
Klickitat_WA,Klickitat_WA
Knott_KY,Knott_KY
Knox_IL,Knox_IL
Knox_IN,Knox_IN
Knox_KY,Knox_KY
Knox_ME,Knox_ME
Knox_MO,Knox_MO
Knox_NE,Knox_NE
Knox_OH,Knox_OH
Knox_TN,Knox_TN
Knox_TX,Knox_TX
Kodiak Island Borough_AK,Kodiak Island Borough_AK
Kodiak Island_AK,Kodiak Island_AK
Koochiching_MN,Koochiching_MN
Kootenai_ID,Kootenai_ID
Kosciusko_IN,Kosciusko_IN
Kossuth_IA,Kossuth_IA
Kusilvak Census Area_AK,Kusilvak Census Area_AK
Kusilvak_AK,Kusilvak_AK
La Crosse_WI,La Crosse_WI
La Paz_AZ,La Paz_AZ
La Plata_CO,La Plata_CO
La Porte_IN,La Porte_IN
La Salle Parish_LA,La Salle Parish_LA
La salle_GA,La salle_GA
La salle_Il,La salle_Il
La Salle_IL,La Salle_IL
La Salle_TX,La Salle_TX
La_CO,La_CO
La_IL,La_IL
Labette_KS,Labette_KS
Lac qui Parle_MN,Lac qui Parle_MN
Lackawanna_PA,Lackawanna_PA
Laclede_MO,Laclede_MO
Lafayette Parish_LA,Lafayette Parish_LA
Lafayette_AR,Lafayette_AR
Lafayette_FL,Lafayette_FL
Lafayette_LA,Lafayette_LA
Lafayette_MO,Lafayette_MO
Lafayette_MS,Lafayette_MS
Lafayette_WI,Lafayette_WI
Lafourche Parish_LA,Lafourche Parish_LA
Lafourche_LA,Lafourche_LA
Lagrange_IN,Lagrange_IN
LaGrange_IN,LaGrange_IN
Lake and Peninsula Borough_AK,Lake and Peninsula Borough_AK
Lake and Peninsula_AK,Lake and Peninsula_AK
Lake of the Woods_MN,Lake of the Woods_MN
Lake_CA,Lake_CA
Lake_CO,Lake_CO
Lake_FL,Lake_FL
Lake_IL,Lake_IL
Lake_IN,Lake_IN
Lake_MI,Lake_MI
Lake_MN,Lake_MN
Lake_MT,Lake_MT
Lake_OH,Lake_OH
Lake_OR,Lake_OR
Lake_SD,Lake_SD
Lake_TN,Lake_TN
Lamar_AL,Lamar_AL
Lamar_GA,Lamar_GA
Lamar_MS,Lamar_MS
Lamar_TX,Lamar_TX
Lamb_TX,Lamb_TX
Lamoille_VT,Lamoille_VT
LaMoure_ND,LaMoure_ND
Lampasas_TX,Lampasas_TX
Lancaster_MD,Lancaster_MD
Lancaster_NE,Lancaster_NE
Lancaster_PA,Lancaster_PA
Lancaster_SC,Lancaster_SC
Lancaster_VA,Lancaster_VA
Lander_NV,Lander_NV
Lane_KS,Lane_KS
Lane_OR,Lane_OR
Langlade_WI,Langlade_WI
Lanier_GA,Lanier_GA
Lapeer_MI,Lapeer_MI
LaPorte_IN,LaPorte_IN
Laramie_WY,Laramie_WY
Larimer_CO,Larimer_CO
Larue_KY,Larue_KY
Las Animas_CO,Las Animas_CO
Las_CO,Las_CO
LaSalle_IL,LaSalle_IL
LaSalle_LA,LaSalle_LA
Lassen_CA,Lassen_CA
Latah_ID,Latah_ID
Latimer_OK,Latimer_OK
Lauderdale_AL,Lauderdale_AL
Lauderdale_MS,Lauderdale_MS
Lauderdale_TN,Lauderdale_TN
Laurel_KY,Laurel_KY
Laurens_GA,Laurens_GA
Laurens_SC,Laurens_SC
Lavaca_TX,Lavaca_TX
Lawrence_AL,Lawrence_AL
Lawrence_AR,Lawrence_AR
Lawrence_IL,Lawrence_IL
Lawrence_IN,Lawrence_IN
Lawrence_KY,Lawrence_KY
Lawrence_MO,Lawrence_MO
Lawrence_MS,Lawrence_MS
Lawrence_NY,Lawrence_NY
Lawrence_OH,Lawrence_OH
Lawrence_PA,Lawrence_PA
Lawrence_SD,Lawrence_SD
Lawrence_TN,Lawrence_TN
Lawrence_WV,Lawrence_WV
Le Flore_OK,Le Flore_OK
Le Sueur_MN,Le Sueur_MN
Le_OK,Le_OK
Lea_NM,Lea_NM
Leake_MS,Leake_MS
Leavenworth_KS,Leavenworth_KS
Lebanon_PA,Lebanon_PA
Lee_AL,Lee_AL
Lee_AR,Lee_AR
Lee_FL,Lee_FL
Lee_GA,Lee_GA
Lee_IA,Lee_IA
Lee_IL,Lee_IL
Lee_KY,Lee_KY
Lee_MS,Lee_MS
Lee_NC,Lee_NC
Lee_SC,Lee_SC
Lee_TX,Lee_TX
Lee_VA,Lee_VA
Leelanau_MI,Leelanau_MI
Leflore_MS,Leflore_MS
Lehigh_PA,Lehigh_PA
Lemhi_ID,Lemhi_ID
Lenawee_MI,Lenawee_MI
Lenoir_NC,Lenoir_NC
Leon_FL,Leon_FL
Leon_TX,Leon_TX
Leslie_KY,Leslie_KY
Letcher_KY,Letcher_KY
Letcher_VA,Letcher_VA
Levy_FL,Levy_FL
Lewis And Clark_MT,Lewis And Clark_MT
Lewis and Clark_MT,Lewis and Clark_MT
Lewis_ID,Lewis_ID
Lewis_KY,Lewis_KY
Lewis_MO,Lewis_MO
Lewis_NY,Lewis_NY
Lewis_TN,Lewis_TN
Lewis_WA,Lewis_WA
Lewis_WV,Lewis_WV
Lexington_SC,Lexington_SC
Lexington_VA,Lexington_VA
Liberty_FL,Liberty_FL
Liberty_GA,Liberty_GA
Liberty_MT,Liberty_MT
Liberty_TX,Liberty_TX
Licking_OH,Licking_OH
Limestone_AL,Limestone_AL
Limestone_TX,Limestone_TX
Lincoln Parish_LA,Lincoln Parish_LA
Lincoln_AR,Lincoln_AR
Lincoln_CO,Lincoln_CO
Lincoln_GA,Lincoln_GA
Lincoln_ID,Lincoln_ID
Lincoln_KS,Lincoln_KS
Lincoln_KY,Lincoln_KY
Lincoln_LA,Lincoln_LA
Lincoln_ME,Lincoln_ME
Lincoln_MN,Lincoln_MN
Lincoln_MO,Lincoln_MO
Lincoln_MS,Lincoln_MS
Lincoln_MT,Lincoln_MT
Lincoln_NC,Lincoln_NC
Lincoln_NE,Lincoln_NE
Lincoln_NM,Lincoln_NM
Lincoln_NV,Lincoln_NV
Lincoln_OK,Lincoln_OK
Lincoln_OR,Lincoln_OR
Lincoln_SD,Lincoln_SD
Lincoln_TN,Lincoln_TN
Lincoln_WA,Lincoln_WA
Lincoln_WI,Lincoln_WI
Lincoln_WV,Lincoln_WV
Lincoln_WY,Lincoln_WY
Linn_IA,Linn_IA
Linn_KS,Linn_KS
Linn_MO,Linn_MO
Linn_OR,Linn_OR
Lipscomb_TX,Lipscomb_TX
Litchfield_CT,Litchfield_CT
Little river_AR,Little river_AR
Little River_AR,Little River_AR
Live Oak_TX,Live Oak_TX
Livingston Parish_LA,Livingston Parish_LA
Livingston_IL,Livingston_IL
Livingston_KY,Livingston_KY
Livingston_LA,Livingston_LA
Livingston_MI,Livingston_MI
Livingston_MO,Livingston_MO
Livingston_NY,Livingston_NY
Llano_TX,Llano_TX
Logan_AR,Logan_AR
Logan_CO,Logan_CO
Logan_IL,Logan_IL
Logan_KS,Logan_KS
Logan_KY,Logan_KY
Logan_ND,Logan_ND
Logan_NE,Logan_NE
Logan_OH,Logan_OH
Logan_OK,Logan_OK
Logan_WV,Logan_WV
Long_GA,Long_GA
Lonoke_AR,Lonoke_AR
Lorain_OH,Lorain_OH
Los Alamos_NM,Los Alamos_NM
Los Angeles_CA,Los Angeles_CA
Los Angeles_Ca,Los Angeles_Ca
Loudon_TN,Loudon_TN
Loudoun_VA,Loudoun_VA
Louis_MN,Louis_MN
Louisa_IA,Louisa_IA
Louisa_VA,Louisa_VA
Loup_NE,Loup_NE
Love_OK,Love_OK
Loving_TX,Loving_TX
Lower Connecticut River Valley_CT,Lower Connecticut River Valley_CT
Lowndes_AL,Lowndes_AL
Lowndes_GA,Lowndes_GA
Lowndes_MS,Lowndes_MS
Lubbock_TX,Lubbock_TX
Lucas_IA,Lucas_IA
Lucas_OH,Lucas_OH
Luce_MI,Luce_MI
Lumpkin_GA,Lumpkin_GA
Luna_NM,Luna_NM
Lunenburg_VA,Lunenburg_VA
Luzerne_PA,Luzerne_PA
Lycoming_PA,Lycoming_PA
Lyman_SD,Lyman_SD
Lynchburg city_VA,Lynchburg city_VA
Lynchburg_VA,Lynchburg_VA
Lynn_TX,Lynn_TX
Lyon_IA,Lyon_IA
Lyon_KS,Lyon_KS
Lyon_KY,Lyon_KY
Lyon_MN,Lyon_MN
Lyon_NV,Lyon_NV
Mackinac_MI,Mackinac_MI
Macomb_MI,Macomb_MI
Macon_AL,Macon_AL
Macon_GA,Macon_GA
Macon_IL,Macon_IL
Macon_MO,Macon_MO
Macon_NC,Macon_NC
Macon_TN,Macon_TN
Macoupin_IL,Macoupin_IL
Madera_CA,Madera_CA
Madison Parish_LA,Madison Parish_LA
Madison_AL,Madison_AL
Madison_AR,Madison_AR
Madison_FL,Madison_FL
Madison_GA,Madison_GA
Madison_IA,Madison_IA
Madison_ID,Madison_ID
Madison_IL,Madison_IL
Madison_IN,Madison_IN
Madison_KY,Madison_KY
Madison_LA,Madison_LA
Madison_MO,Madison_MO
Madison_MS,Madison_MS
Madison_MT,Madison_MT
Madison_NC,Madison_NC
Madison_NE,Madison_NE
Madison_NY,Madison_NY
Madison_OH,Madison_OH
Madison_TN,Madison_TN
Madison_TX,Madison_TX
Madison_VA,Madison_VA
Magoffin_KY,Magoffin_KY
Mahaska_IA,Mahaska_IA
Mahnomen_MN,Mahnomen_MN
Mahoning_OH,Mahoning_OH
Major_OK,Major_OK
Malheur_OR,Malheur_OR
Manassas city_VA,Manassas city_VA
Manassas Park city_VA,Manassas Park city_VA
Manassas Park_VA,Manassas Park_VA
Manassas_VA,Manassas_VA
Manatee_FL,Manatee_FL
Manistee_MI,Manistee_MI
Manitowoc_WI,Manitowoc_WI
Marathon_WI,Marathon_WI
Marengo_AL,Marengo_AL
Maricopa_AZ,Maricopa_AZ
Maries_MO,Maries_MO
Marin_CA,Marin_CA
Marinette_WI,Marinette_WI
Marion_AL,Marion_AL
Marion_AR,Marion_AR
Marion_FL,Marion_FL
Marion_GA,Marion_GA
Marion_IA,Marion_IA
Marion_IL,Marion_IL
Marion_IN,Marion_IN
Marion_KS,Marion_KS
Marion_KY,Marion_KY
Marion_MO,Marion_MO
Marion_MS,Marion_MS
Marion_OH,Marion_OH
Marion_OR,Marion_OR
Marion_SC,Marion_SC
Marion_TN,Marion_TN
Marion_TX,Marion_TX
Marion_WV,Marion_WV
Mariposa_CA,Mariposa_CA
Marlboro_SC,Marlboro_SC
Marquette_MI,Marquette_MI
Marquette_WI,Marquette_WI
Marshall_AL,Marshall_AL
Marshall_IA,Marshall_IA
Marshall_IL,Marshall_IL
Marshall_IN,Marshall_IN
Marshall_KS,Marshall_KS
Marshall_KY,Marshall_KY
Marshall_MN,Marshall_MN
Marshall_MS,Marshall_MS
Marshall_OK,Marshall_OK
Marshall_PA,Marshall_PA
Marshall_SD,Marshall_SD
Marshall_TN,Marshall_TN
Marshall_VA,Marshall_VA
Marshall_WV,Marshall_WV
Martin_FL,Martin_FL
Martin_IN,Martin_IN
Martin_KY,Martin_KY
Martin_MN,Martin_MN
Martin_NC,Martin_NC
Martin_TX,Martin_TX
Martin_WV,Martin_WV
Martinsville city_VA,Martinsville city_VA
Martinsville_VA,Martinsville_VA
Mason_IL,Mason_IL
Mason_KY,Mason_KY
Mason_MI,Mason_MI
Mason_OH,Mason_OH
Mason_TX,Mason_TX
Mason_WA,Mason_WA
Mason_WV,Mason_WV
Massac_Il,Massac_Il
Massac_IL,Massac_IL
Matagorda_TX,Matagorda_TX
Matanuska Susitna_AK,Matanuska Susitna_AK
Matanuska-Susitna Borough_AK,Matanuska-Susitna Borough_AK
Matanuska-Susitna_AK,Matanuska-Susitna_AK
Mathews_VA,Mathews_VA
Maui_HI,Maui_HI
Maury_TN,Maury_TN
Maverick_TX,Maverick_TX
Mayes_OK,Mayes_OK
McClain_OK,McClain_OK
McCone_MT,McCone_MT
McCook_SD,McCook_SD
McCormick_SC,McCormick_SC
McCracken_KY,McCracken_KY
Mccracken_KY,Mccracken_KY
McCreary_KY,McCreary_KY
Mccreary_KY,Mccreary_KY
McCulloch_TX,McCulloch_TX
McCurtain_OK,McCurtain_OK
McDonald_MO,McDonald_MO
McDonough_IL,McDonough_IL
Mcdonough_IL,Mcdonough_IL
Mcdowell_KY,Mcdowell_KY
McDowell_NC,McDowell_NC
Mcdowell_NC,Mcdowell_NC
Mcdowell_OH,Mcdowell_OH
Mcdowell_VA,Mcdowell_VA
McDowell_WV,McDowell_WV
Mcdowell_WV,Mcdowell_WV
McDuffie_GA,McDuffie_GA
Mcduffie_GA,Mcduffie_GA
McHenry_IL,McHenry_IL
McHenry_ND,McHenry_ND
McIntosh_GA,McIntosh_GA
McIntosh_ND,McIntosh_ND
McIntosh_OK,McIntosh_OK
McKean_PA,McKean_PA
McKenzie_ND,McKenzie_ND
McKinley_NM,McKinley_NM
McLean_IL,McLean_IL
Mclean_IL,Mclean_IL
McLean_KY,McLean_KY
Mclean_KY,Mclean_KY
McLean_ND,McLean_ND
Mclennan_TX,Mclennan_TX
McLennan_TX,McLennan_TX
McLeod_MN,McLeod_MN
McMinn_TN,McMinn_TN
McMullen_TX,McMullen_TX
McNairy_TN,McNairy_TN
McPherson_KS,McPherson_KS
McPherson_NE,McPherson_NE
McPherson_SD,McPherson_SD
Meade_KS,Meade_KS
Meade_KY,Meade_KY
Meade_SD,Meade_SD
Meagher_MT,Meagher_MT
Mecklenburg_NC,Mecklenburg_NC
Mecklenburg_VA,Mecklenburg_VA
Mecosta_MI,Mecosta_MI
Medina_OH,Medina_OH
Medina_TX,Medina_TX
Meeker_MN,Meeker_MN
Meigs_OH,Meigs_OH
Meigs_TN,Meigs_TN
Meigs_WV,Meigs_WV
Mellette_SD,Mellette_SD
Menard_IL,Menard_IL
Menard_TX,Menard_TX
Mendocino_CA,Mendocino_CA
Menifee_KY,Menifee_KY
Menominee_MI,Menominee_MI
Menominee_WI,Menominee_WI
Merced_CA,Merced_CA
Mercer_IL,Mercer_IL
Mercer_KY,Mercer_KY
Mercer_MO,Mercer_MO
Mercer_ND,Mercer_ND
Mercer_NJ,Mercer_NJ
Mercer_OH,Mercer_OH
Mercer_PA,Mercer_PA
Mercer_VA,Mercer_VA
Mercer_WV,Mercer_WV
Meriwether_GA,Meriwether_GA
Merrick_NE,Merrick_NE
Merrimack_NH,Merrimack_NH
Mesa_CO,Mesa_CO
Metcalfe_KY,Metcalfe_KY
Miami_IN,Miami_IN
Miami_KS,Miami_KS
Miami_OH,Miami_OH
Miami-dade_FL,Miami-dade_FL
Miami-Dade_FL,Miami-Dade_FL
Middlesex_CT,Middlesex_CT
Middlesex_MA,Middlesex_MA
Middlesex_NJ,Middlesex_NJ
Middlesex_VA,Middlesex_VA
Midland_MI,Midland_MI
Midland_TX,Midland_TX
Mifflin_PA,Mifflin_PA
Milam_TX,Milam_TX
Millard_UT,Millard_UT
Mille Lacs_MN,Mille Lacs_MN
Miller_AR,Miller_AR
Miller_GA,Miller_GA
Miller_MO,Miller_MO
Mills_IA,Mills_IA
Mills_TX,Mills_TX
Milwaukee_WI,Milwaukee_WI
Miner_SD,Miner_SD
Mineral_CO,Mineral_CO
Mineral_MD,Mineral_MD
Mineral_MT,Mineral_MT
Mineral_NV,Mineral_NV
Mineral_WV,Mineral_WV
Mingo_KY,Mingo_KY
Mingo_WV,Mingo_WV
Minidoka_ID,Minidoka_ID
Minnehaha_SD,Minnehaha_SD
Missaukee_MI,Missaukee_MI
Mississippi_AR,Mississippi_AR
Mississippi_MO,Mississippi_MO
Missoula_MT,Missoula_MT
Mitchell_GA,Mitchell_GA
Mitchell_IA,Mitchell_IA
Mitchell_KS,Mitchell_KS
Mitchell_NC,Mitchell_NC
Mitchell_TX,Mitchell_TX
Mobile_AL,Mobile_AL
Modoc_CA,Modoc_CA
Moffat_CO,Moffat_CO
Mohave_AZ,Mohave_AZ
Mohave_WV,Mohave_WV
Moniteau_MO,Moniteau_MO
Monmouth_NJ,Monmouth_NJ
Mono_CA,Mono_CA
Monona_IA,Monona_IA
Monongalia_PA,Monongalia_PA
Monongalia_WV,Monongalia_WV
Monroe_AL,Monroe_AL
Monroe_AR,Monroe_AR
Monroe_FL,Monroe_FL
Monroe_GA,Monroe_GA
Monroe_IA,Monroe_IA
Monroe_IL,Monroe_IL
Monroe_IN,Monroe_IN
Monroe_KY,Monroe_KY
Monroe_MI,Monroe_MI
Monroe_MO,Monroe_MO
Monroe_MS,Monroe_MS
Monroe_NY,Monroe_NY
Monroe_OH,Monroe_OH
Monroe_PA,Monroe_PA
Monroe_TN,Monroe_TN
Monroe_VA,Monroe_VA
Monroe_WI,Monroe_WI
Monroe_WV,Monroe_WV
Montague_TX,Montague_TX
Montcalm_MI,Montcalm_MI
Monterey_CA,Monterey_CA
Montezuma_CO,Montezuma_CO
Montgomery_AL,Montgomery_AL
Montgomery_AR,Montgomery_AR
Montgomery_GA,Montgomery_GA
Montgomery_IA,Montgomery_IA
Montgomery_IL,Montgomery_IL
Montgomery_IN,Montgomery_IN
Montgomery_KS,Montgomery_KS
Montgomery_KY,Montgomery_KY
Montgomery_MD,Montgomery_MD
Montgomery_MO,Montgomery_MO
Montgomery_MS,Montgomery_MS
Montgomery_NC,Montgomery_NC
Montgomery_NY,Montgomery_NY
Montgomery_OH,Montgomery_OH
Montgomery_PA,Montgomery_PA
Montgomery_TN,Montgomery_TN
Montgomery_TX,Montgomery_TX
Montgomery_VA,Montgomery_VA
Montmorency_MI,Montmorency_MI
Montour_PA,Montour_PA
Montrose_CO,Montrose_CO
Moody_SD,Moody_SD
Moore_NC,Moore_NC
Moore_TN,Moore_TN
Moore_TX,Moore_TX
Mora_NM,Mora_NM
Morehouse Parish_LA,Morehouse Parish_LA
Morehouse_LA,Morehouse_LA
Morgan_AL,Morgan_AL
Morgan_CO,Morgan_CO
Morgan_GA,Morgan_GA
Morgan_IL,Morgan_IL
Morgan_IN,Morgan_IN
Morgan_KY,Morgan_KY
Morgan_MO,Morgan_MO
Morgan_OH,Morgan_OH
Morgan_TN,Morgan_TN
Morgan_UT,Morgan_UT
Morgan_WV,Morgan_WV
Morrill_NE,Morrill_NE
Morris_KS,Morris_KS
Morris_NJ,Morris_NJ
Morris_TX,Morris_TX
Morrison_MN,Morrison_MN
Morrow_OH,Morrow_OH
Morrow_OR,Morrow_OR
Morton_KS,Morton_KS
Morton_ND,Morton_ND
Motley_TX,Motley_TX
Moultrie_IL,Moultrie_IL
Mountrail_ND,Mountrail_ND
Mower_MN,Mower_MN
Muhlenberg_KY,Muhlenberg_KY
Multnomah_OR,Multnomah_OR
Murray_GA,Murray_GA
Murray_MN,Murray_MN
Murray_OK,Murray_OK
Muscatine_IA,Muscatine_IA
Muscogee_GA,Muscogee_GA
Muskegon_MI,Muskegon_MI
Muskingum_OH,Muskingum_OH
Muskogee_OK,Muskogee_OK
Musselshell_MT,Musselshell_MT
Nacogdoches_TX,Nacogdoches_TX
Nance_NE,Nance_NE
Nantucket_MA,Nantucket_MA
Napa_CA,Napa_CA
Nash_NC,Nash_NC
Nassau_FL,Nassau_FL
Nassau_NY,Nassau_NY
Natchitoches Parish_LA,Natchitoches Parish_LA
Natchitoches_LA,Natchitoches_LA
Natrona_WY,Natrona_WY
Naugatuck Valley_CT,Naugatuck Valley_CT
Navajo_AZ,Navajo_AZ
Navarro_TX,Navarro_TX
Nelson_KY,Nelson_KY
Nelson_ND,Nelson_ND
Nelson_VA,Nelson_VA
Nemaha_KS,Nemaha_KS
Nemaha_NE,Nemaha_NE
Neosho_KS,Neosho_KS
Neshoba_MS,Neshoba_MS
Ness_KS,Ness_KS
Nevada_AR,Nevada_AR
Nevada_CA,Nevada_CA
New Castle_DE,New Castle_DE
New Hanover_NC,New Hanover_NC
New Haven_CT,New Haven_CT
New Kent_VA,New Kent_VA
New London_CT,New London_CT
New Madrid_MO,New Madrid_MO
New York_NY,New York_NY
New_CT,New_CT
New_DE,New_DE
New_VA,New_VA
Newaygo_MI,Newaygo_MI
Newberry_SC,Newberry_SC
Newport News city_VA,Newport News city_VA
Newport News_VA,Newport News_VA
Newport_RI,Newport_RI
Newton_AR,Newton_AR
Newton_GA,Newton_GA
Newton_IN,Newton_IN
Newton_MO,Newton_MO
Newton_MS,Newton_MS
Newton_TX,Newton_TX
Nez Perce_ID,Nez Perce_ID
Niagara_NY,Niagara_NY
Nicholas_KY,Nicholas_KY
Nicholas_OH,Nicholas_OH
Nicholas_PA,Nicholas_PA
Nicholas_WV,Nicholas_WV
Nicollet_MN,Nicollet_MN
Niobrara_WY,Niobrara_WY
Noble_IN,Noble_IN
Noble_OH,Noble_OH
Noble_OK,Noble_OK
Nobles_MN,Nobles_MN
Nodaway_MO,Nodaway_MO
Nolan_TX,Nolan_TX
Nome Census Area_AK,Nome Census Area_AK
Nome_AK,Nome_AK
Norfolk city_VA,Norfolk city_VA
Norfolk_MA,Norfolk_MA
Norfolk_VA,Norfolk_VA
Norman_MN,Norman_MN
North Slope Borough_AK,North Slope Borough_AK
North Slope_AK,North Slope_AK
Northampton_NC,Northampton_NC
Northampton_PA,Northampton_PA
Northampton_VA,Northampton_VA
Northeastern Connecticut_CT,Northeastern Connecticut_CT
Northumberland_PA,Northumberland_PA
Northumberland_VA,Northumberland_VA
Northwest Arctic Borough_AK,Northwest Arctic Borough_AK
Northwest Arctic_AK,Northwest Arctic_AK
Northwest Hills_CT,Northwest Hills_CT
Norton city_VA,Norton city_VA
Norton_KS,Norton_KS
Norton_VA,Norton_VA
Nottoway_VA,Nottoway_VA
Nowata_OK,Nowata_OK
Noxubee_MS,Noxubee_MS
Nuckolls_NE,Nuckolls_NE
Nueces_TX,Nueces_TX
Nye_NV,Nye_NV
Oakland_MI,Oakland_MI
Obion_TN,Obion_TN
O'Brien_IA,O'Brien_IA
Ocean_NJ,Ocean_NJ
Oceana_MI,Oceana_MI
Ochiltree_TX,Ochiltree_TX
Oconee_GA,Oconee_GA
Oconee_SC,Oconee_SC
Oconto_WI,Oconto_WI
Ogemaw_MI,Ogemaw_MI
Oglala Lakota_SD,Oglala Lakota_SD
Ogle_IL,Ogle_IL
Oglethorpe_GA,Oglethorpe_GA
Ohio_IN,Ohio_IN
Ohio_KY,Ohio_KY
Ohio_OH,Ohio_OH
Ohio_PA,Ohio_PA
Ohio_WV,Ohio_WV
Okaloosa_FL,Okaloosa_FL
Okanogan_WA,Okanogan_WA
Okeechobee_FL,Okeechobee_FL
Okfuskee_OK,Okfuskee_OK
Oklahoma_OK,Oklahoma_OK
Okmulgee_OK,Okmulgee_OK
Oktibbeha_MS,Oktibbeha_MS
Oldham_KY,Oldham_KY
Oldham_TX,Oldham_TX
Oliver_ND,Oliver_ND
Olmsted_MN,Olmsted_MN
Oneida_ID,Oneida_ID
Oneida_NY,Oneida_NY
Oneida_WI,Oneida_WI
Onondaga_NY,Onondaga_NY
Onslow_NC,Onslow_NC
Ontario_NY,Ontario_NY
Ontonagon_MI,Ontonagon_MI
Orange_CA,Orange_CA
Orange_FL,Orange_FL
Orange_IN,Orange_IN
Orange_NC,Orange_NC
Orange_NJ,Orange_NJ
Orange_NY,Orange_NY
Orange_TX,Orange_TX
Orange_VA,Orange_VA
Orange_VT,Orange_VT
Orangeburg_SC,Orangeburg_SC
Oregon_MO,Oregon_MO
Orleans Parish_LA,Orleans Parish_LA
Orleans_LA,Orleans_LA
Orleans_NY,Orleans_NY
Orleans_VT,Orleans_VT
Osage_KS,Osage_KS
Osage_MO,Osage_MO
Osage_OK,Osage_OK
Osborne_KS,Osborne_KS
Osceola_FL,Osceola_FL
Osceola_IA,Osceola_IA
Osceola_MI,Osceola_MI
Oscoda_MI,Oscoda_MI
Oswego_NY,Oswego_NY
Otero_CO,Otero_CO
Otero_NM,Otero_NM
Otoe_NE,Otoe_NE
Otsego_MI,Otsego_MI
Otsego_NY,Otsego_NY
Ottawa_KS,Ottawa_KS
Ottawa_MI,Ottawa_MI
Ottawa_OH,Ottawa_OH
Ottawa_OK,Ottawa_OK
Otter Tail_MN,Otter Tail_MN
Ouachita Parish_LA,Ouachita Parish_LA
Ouachita_AR,Ouachita_AR
Ouachita_LA,Ouachita_LA
Ouray_CO,Ouray_CO
Outagamie_WI,Outagamie_WI
Overton_TN,Overton_TN
Owen_IN,Owen_IN
Owen_KY,Owen_KY
Owsley_KY,Owsley_KY
Owyhee_ID,Owyhee_ID
Oxford_ME,Oxford_ME
Ozark_MO,Ozark_MO
Ozaukee_WI,Ozaukee_WI
Pacific_WA,Pacific_WA
Page_IA,Page_IA
Page_VA,Page_VA
Palm Beach_FL,Palm Beach_FL
Palo Alto_IA,Palo Alto_IA
Palo Pinto_TX,Palo Pinto_TX
Pamlico_NC,Pamlico_NC
Panola_MS,Panola_MS
Panola_TX,Panola_TX
Park_CO,Park_CO
Park_MT,Park_MT
Park_WY,Park_WY
Parke_IN,Parke_IN
Parker_TX,Parker_TX
Parmer_TX,Parmer_TX
Pasco_FL,Pasco_FL
Pasquotank_NC,Pasquotank_NC
Passaic_NJ,Passaic_NJ
Passaic_NY,Passaic_NY
Patrick_VA,Patrick_VA
Paulding_GA,Paulding_GA
Paulding_OH,Paulding_OH
Pawnee_KS,Pawnee_KS
Pawnee_NE,Pawnee_NE
Pawnee_OK,Pawnee_OK
Payette_ID,Payette_ID
Payne_OK,Payne_OK
Peach_GA,Peach_GA
Pearl River_MS,Pearl River_MS
Pecos_TX,Pecos_TX
Pembina_ND,Pembina_ND
Pemiscot_MO,Pemiscot_MO
Pend Oreille_WA,Pend Oreille_WA
Pender_NC,Pender_NC
Pendleton_KY,Pendleton_KY
Pendleton_WV,Pendleton_WV
Pennington_MN,Pennington_MN
Pennington_SD,Pennington_SD
Penobscot_ME,Penobscot_ME
Peoria_IL,Peoria_IL
Pepin_WI,Pepin_WI
Perkins_NE,Perkins_NE
Perkins_SD,Perkins_SD
Perquimans_NC,Perquimans_NC
Perry_AL,Perry_AL
Perry_AR,Perry_AR
Perry_IL,Perry_IL
Perry_IN,Perry_IN
Perry_KY,Perry_KY
Perry_MO,Perry_MO
Perry_MS,Perry_MS
Perry_OH,Perry_OH
Perry_PA,Perry_PA
Perry_TN,Perry_TN
Perry_WV,Perry_WV
Pershing_NV,Pershing_NV
Person_NC,Person_NC
Petersburg Census Area_AK,Petersburg Census Area_AK
Petersburg city_VA,Petersburg city_VA
Petersburg_AK,Petersburg_AK
Petersburg_VA,Petersburg_VA
Petroleum_MT,Petroleum_MT
Pettis_MO,Pettis_MO
Phelps_MO,Phelps_MO
Phelps_NE,Phelps_NE
Philadelphia_PA,Philadelphia_PA
Phillips_AR,Phillips_AR
Phillips_CO,Phillips_CO
Phillips_KS,Phillips_KS
Phillips_MT,Phillips_MT
Piatt_IL,Piatt_IL
Pickaway_OH,Pickaway_OH
Pickens_AL,Pickens_AL
Pickens_GA,Pickens_GA
Pickens_SC,Pickens_SC
Pickett_TN,Pickett_TN
Pierce_GA,Pierce_GA
Pierce_ND,Pierce_ND
Pierce_NE,Pierce_NE
Pierce_WA,Pierce_WA
Pierce_WI,Pierce_WI
Pike_AL,Pike_AL
Pike_AR,Pike_AR
Pike_GA,Pike_GA
Pike_IL,Pike_IL
Pike_IN,Pike_IN
Pike_KY,Pike_KY
Pike_MO,Pike_MO
Pike_MS,Pike_MS
Pike_OH,Pike_OH
Pike_PA,Pike_PA
Pike_VA,Pike_VA
Pike_WV,Pike_WV
Pima_AZ,Pima_AZ
Pinal_AZ,Pinal_AZ
Pine_MN,Pine_MN
Pinellas_FL,Pinellas_FL
Pipestone_MN,Pipestone_MN
Piscataquis_ME,Piscataquis_ME
Pitkin_CO,Pitkin_CO
Pitt_NC,Pitt_NC
Pittsburg_OK,Pittsburg_OK
Pittsylvania_VA,Pittsylvania_VA
Piute_UT,Piute_UT
Placer_CA,Placer_CA
Plaquemines Parish_LA,Plaquemines Parish_LA
Plaquemines_LA,Plaquemines_LA
Plata_CO,Plata_CO
Platte_MO,Platte_MO
Platte_NE,Platte_NE
Platte_WY,Platte_WY
Pleasants_WV,Pleasants_WV
Plumas_CA,Plumas_CA
Plymouth_IA,Plymouth_IA
Plymouth_MA,Plymouth_MA
Pocahontas_IA,Pocahontas_IA
Pocahontas_WV,Pocahontas_WV
Poinsett_AR,Poinsett_AR
Pointe Coupee Parish_LA,Pointe Coupee Parish_LA
Pointe Coupee_LA,Pointe Coupee_LA
Polk_AR,Polk_AR
Polk_FL,Polk_FL
Polk_GA,Polk_GA
Polk_IA,Polk_IA
Polk_MN,Polk_MN
Polk_MO,Polk_MO
Polk_NC,Polk_NC
Polk_NE,Polk_NE
Polk_OR,Polk_OR
Polk_TN,Polk_TN
Polk_TX,Polk_TX
Polk_WI,Polk_WI
Pondera_MT,Pondera_MT
Pontotoc_MS,Pontotoc_MS
Pontotoc_OK,Pontotoc_OK
Pope_AR,Pope_AR
Pope_IL,Pope_IL
Pope_MN,Pope_MN
Poquoson city_VA,Poquoson city_VA
Poquoson_VA,Poquoson_VA
Portage_OH,Portage_OH
Portage_WI,Portage_WI
Porter_IN,Porter_IN
Portsmouth city_VA,Portsmouth city_VA
Portsmouth_VA,Portsmouth_VA
Posey_IN,Posey_IN
Pottawatomie_KS,Pottawatomie_KS
Pottawatomie_OK,Pottawatomie_OK
Pottawattamie_IA,Pottawattamie_IA
Potter_PA,Potter_PA
Potter_SD,Potter_SD
Potter_TX,Potter_TX
Powder River_MT,Powder River_MT
Powell_KY,Powell_KY
Powell_MT,Powell_MT
Power_ID,Power_ID
Poweshiek_IA,Poweshiek_IA
Powhatan_VA,Powhatan_VA
Prairie_AR,Prairie_AR
Prairie_MT,Prairie_MT
Pratt_KS,Pratt_KS
Preble_OH,Preble_OH
Prentiss_MS,Prentiss_MS
Presidio_TX,Presidio_TX
Presque Isle_MI,Presque Isle_MI
Preston_KY,Preston_KY
Preston_MD,Preston_MD
Preston_WV,Preston_WV
Price_WI,Price_WI
Prince Edward_VA,Prince Edward_VA
Prince George_VA,Prince George_VA
Prince Georges_MD,Prince Georges_MD
Prince George's_MD,Prince George's_MD
Prince of Wales-Hyder Census Area_AK,Prince of Wales-Hyder Census Area_AK
Prince of Wales-Hyder_AK,Prince of Wales-Hyder_AK
Prince of Wales-Outer Ketchika_AK,Prince of Wales-Outer Ketchika_AK
Prince William_VA,Prince William_VA
Prince_VA,Prince_VA
Providence_RI,Providence_RI
Prowers_CO,Prowers_CO
Pueblo_CO,Pueblo_CO
Pulaski_AR,Pulaski_AR
Pulaski_GA,Pulaski_GA
Pulaski_IL,Pulaski_IL
Pulaski_IN,Pulaski_IN
Pulaski_KY,Pulaski_KY
Pulaski_MO,Pulaski_MO
Pulaski_VA,Pulaski_VA
Pushmataha_OK,Pushmataha_OK
Putnam_FL,Putnam_FL
Putnam_GA,Putnam_GA
Putnam_IL,Putnam_IL
Putnam_IN,Putnam_IN
Putnam_MO,Putnam_MO
Putnam_NY,Putnam_NY
Putnam_OH,Putnam_OH
Putnam_TN,Putnam_TN
Putnam_WV,Putnam_WV
Quay_NM,Quay_NM
Queen Anne's_MD,Queen Anne's_MD
Queens_NY,Queens_NY
Quitman_GA,Quitman_GA
Quitman_MS,Quitman_MS
Rabun_GA,Rabun_GA
Racine_WI,Racine_WI
Radford city_VA,Radford city_VA
Radford_VA,Radford_VA
Rains_TX,Rains_TX
Raleigh_KY,Raleigh_KY
Raleigh_WV,Raleigh_WV
Ralls_MO,Ralls_MO
Ramsey_MN,Ramsey_MN
Ramsey_ND,Ramsey_ND
Randall_TX,Randall_TX
Randolph_AL,Randolph_AL
Randolph_AR,Randolph_AR
Randolph_GA,Randolph_GA
Randolph_IL,Randolph_IL
Randolph_IN,Randolph_IN
Randolph_MO,Randolph_MO
Randolph_NC,Randolph_NC
Randolph_WV,Randolph_WV
Rankin_MS,Rankin_MS
Ransom_ND,Ransom_ND
Rapides Parish_LA,Rapides Parish_LA
Rapides_LA,Rapides_LA
Rappahannock_VA,Rappahannock_VA
Ravalli_MT,Ravalli_MT
Rawlins_KS,Rawlins_KS
Ray_MO,Ray_MO
Reagan_TX,Reagan_TX
Real_TX,Real_TX
Red Lake_MN,Red Lake_MN
Red River Parish_LA,Red River Parish_LA
Red River_LA,Red River_LA
Red River_TX,Red River_TX
Red Willow_NE,Red Willow_NE
Redwood_MN,Redwood_MN
Reeves_TX,Reeves_TX
Refugio_TX,Refugio_TX
Reno_KS,Reno_KS
Rensselaer_NY,Rensselaer_NY
Renville_MN,Renville_MN
Renville_ND,Renville_ND
Republic_KS,Republic_KS
Reynolds_MO,Reynolds_MO
Rhea_TN,Rhea_TN
Rice_KS,Rice_KS
Rice_MN,Rice_MN
Rich_UT,Rich_UT
Richardson_NE,Richardson_NE
Richland Parish_LA,Richland Parish_LA
Richland_IL,Richland_IL
Richland_LA,Richland_LA
Richland_MT,Richland_MT
Richland_ND,Richland_ND
Richland_OH,Richland_OH
Richland_SC,Richland_SC
Richland_WI,Richland_WI
Richmond city_VA,Richmond city_VA
Richmond_GA,Richmond_GA
Richmond_NC,Richmond_NC
Richmond_NY,Richmond_NY
Richmond_VA,Richmond_VA
Riley_KS,Riley_KS
Ringgold_IA,Ringgold_IA
Rio Arriba_NM,Rio Arriba_NM
Rio Blanco_CO,Rio Blanco_CO
Rio Grande_CO,Rio Grande_CO
Rio_CO,Rio_CO
Ripley_IN,Ripley_IN
Ripley_MO,Ripley_MO
Ritchie_WV,Ritchie_WV
Riverside_CA,Riverside_CA
Roane_TN,Roane_TN
Roane_WV,Roane_WV
Roanoke city_VA,Roanoke city_VA
Roanoke_VA,Roanoke_VA
Roberts_SD,Roberts_SD
Roberts_TX,Roberts_TX
Robertson_KY,Robertson_KY
Robertson_TN,Robertson_TN
Robertson_TX,Robertson_TX
Robeson_NC,Robeson_NC
Rock Island_IL,Rock Island_IL
Rock_IL,Rock_IL
Rock_MN,Rock_MN
Rock_NE,Rock_NE
Rock_WI,Rock_WI
Rockbridge_VA,Rockbridge_VA
Rockcastle_KY,Rockcastle_KY
Rockdale_GA,Rockdale_GA
Rockingham_NC,Rockingham_NC
Rockingham_NH,Rockingham_NH
Rockingham_VA,Rockingham_VA
Rockland_NY,Rockland_NY
Rockwall_TX,Rockwall_TX
Roger Mills_OK,Roger Mills_OK
Rogers_OK,Rogers_OK
Rolette_ND,Rolette_ND
Rooks_KS,Rooks_KS
Roosevelt_MT,Roosevelt_MT
Roosevelt_NM,Roosevelt_NM
Roscommon_MI,Roscommon_MI
Roseau_MN,Roseau_MN
Rosebud_MT,Rosebud_MT
Ross_OH,Ross_OH
Routt_CO,Routt_CO
Routt_VA,Routt_VA
Rowan_KY,Rowan_KY
Rowan_NC,Rowan_NC
Runnels_TX,Runnels_TX
Rush_IN,Rush_IN
Rush_KS,Rush_KS
Rusk_TX,Rusk_TX
Rusk_WI,Rusk_WI
Russell_AL,Russell_AL
Russell_KS,Russell_KS
Russell_KY,Russell_KY
Russell_VA,Russell_VA
Rutherford_NC,Rutherford_NC
Rutherford_TN,Rutherford_TN
Rutland_VT,Rutland_VT
Sabine Parish_LA,Sabine Parish_LA
Sabine_LA,Sabine_LA
Sabine_TX,Sabine_TX
Sac_IA,Sac_IA
Sacramento_CA,Sacramento_CA
Sagadahoc_ME,Sagadahoc_ME
Saginaw_MI,Saginaw_MI
Saguache_CO,Saguache_CO
Saint clair_AL,Saint clair_AL
Saint Joseph_MI,Saint Joseph_MI
Salem city_VA,Salem city_VA
Salem_NJ,Salem_NJ
Salem_VA,Salem_VA
Saline_AR,Saline_AR
Saline_IL,Saline_IL
Saline_KS,Saline_KS
Saline_MO,Saline_MO
Saline_NE,Saline_NE
Salle_IL,Salle_IL
Salt Lake_UT,Salt Lake_UT
Saluda_SC,Saluda_SC
Sampson_NC,Sampson_NC
San Augustine_TX,San Augustine_TX
San Benito_CA,San Benito_CA
San bernardino_CA,San bernardino_CA
San Bernardino_CA,San Bernardino_CA
San Diego_CA,San Diego_CA
San Francisco_CA,San Francisco_CA
San Jacinto_TX,San Jacinto_TX
San Joaquin_CA,San Joaquin_CA
San Juan_CO,San Juan_CO
San Juan_NM,San Juan_NM
San Juan_UT,San Juan_UT
San Juan_WA,San Juan_WA
San Luis Obispo_CA,San Luis Obispo_CA
San mateo_CA,San mateo_CA
San Mateo_CA,San Mateo_CA
San Miguel_CO,San Miguel_CO
San Miguel_NM,San Miguel_NM
San Patricio_TX,San Patricio_TX
San Saba_TX,San Saba_TX
Sanborn_SD,Sanborn_SD
Sanders_MT,Sanders_MT
Sandoval_NM,Sandoval_NM
Sandusky_OH,Sandusky_OH
Sangamon_IL,Sangamon_IL
Sanilac_MI,Sanilac_MI
Sanpete_UT,Sanpete_UT
Santa Barbara_CA,Santa Barbara_CA
Santa Clara_CA,Santa Clara_CA
Santa Cruz_AZ,Santa Cruz_AZ
Santa cruz_CA,Santa cruz_CA
Santa Cruz_CA,Santa Cruz_CA
Santa Fe_NM,Santa Fe_NM
Santa Rosa_FL,Santa Rosa_FL
Sarasota_FL,Sarasota_FL
Saratoga_NY,Saratoga_NY
Sargent_ND,Sargent_ND
Sarpy_NE,Sarpy_NE
Sauk_WI,Sauk_WI
Saunders_NE,Saunders_NE
Sawyer_WI,Sawyer_WI
Schenectady_NY,Schenectady_NY
Schleicher_TX,Schleicher_TX
Schley_GA,Schley_GA
Schoharie_NY,Schoharie_NY
Schoolcraft_MI,Schoolcraft_MI
Schuyler_IL,Schuyler_IL
Schuyler_MO,Schuyler_MO
Schuyler_NY,Schuyler_NY
Schuylkill_PA,Schuylkill_PA
Scioto_OH,Scioto_OH
Scotland_MO,Scotland_MO
Scotland_NC,Scotland_NC
Scott_AR,Scott_AR
Scott_IA,Scott_IA
Scott_IL,Scott_IL
Scott_IN,Scott_IN
Scott_IO,Scott_IO
Scott_KS,Scott_KS
Scott_KY,Scott_KY
Scott_MN,Scott_MN
Scott_MO,Scott_MO
Scott_MS,Scott_MS
Scott_TN,Scott_TN
Scott_VA,Scott_VA
Scotts Bluff_NE,Scotts Bluff_NE
Screven_GA,Screven_GA
Scurry_TX,Scurry_TX
Searcy_AR,Searcy_AR
Sebastian_AR,Sebastian_AR
Sedgwick_CO,Sedgwick_CO
Sedgwick_KS,Sedgwick_KS
Seminole_FL,Seminole_FL
Seminole_GA,Seminole_GA
Seminole_OK,Seminole_OK
Seneca_NY,Seneca_NY
Seneca_OH,Seneca_OH
Sequatchie_TN,Sequatchie_TN
Sequoyah_OK,Sequoyah_OK
Sevier_AR,Sevier_AR
Sevier_TN,Sevier_TN
Sevier_UT,Sevier_UT
Seward_KS,Seward_KS
Seward_NE,Seward_NE
Shackelford_TX,Shackelford_TX
Shannon County_SD,Shannon County_SD
Shannon_MO,Shannon_MO
Sharkey_MS,Sharkey_MS
Sharp_AR,Sharp_AR
Shasta_CA,Shasta_CA
Shawano_WI,Shawano_WI
Shawnee_KS,Shawnee_KS
Sheboygan_WI,Sheboygan_WI
Shelby_AL,Shelby_AL
Shelby_IA,Shelby_IA
Shelby_IL,Shelby_IL
Shelby_IN,Shelby_IN
Shelby_KY,Shelby_KY
Shelby_MO,Shelby_MO
Shelby_OH,Shelby_OH
Shelby_TN,Shelby_TN
Shelby_TX,Shelby_TX
Shenandoah_VA,Shenandoah_VA
Sherburne_MN,Sherburne_MN
Sheridan_KS,Sheridan_KS
Sheridan_MT,Sheridan_MT
Sheridan_ND,Sheridan_ND
Sheridan_NE,Sheridan_NE
Sheridan_WY,Sheridan_WY
Sherman_KS,Sherman_KS
Sherman_NE,Sherman_NE
Sherman_OR,Sherman_OR
Sherman_TX,Sherman_TX
Shiawassee_MI,Shiawassee_MI
Shoshone_ID,Shoshone_ID
Sibley_MN,Sibley_MN
Sierra_CA,Sierra_CA
Sierra_NM,Sierra_NM
Silver Bow_MT,Silver Bow_MT
Simpson_KY,Simpson_KY
Simpson_MS,Simpson_MS
Sioux_IA,Sioux_IA
Sioux_ND,Sioux_ND
Sioux_NE,Sioux_NE
Siskiyou_CA,Siskiyou_CA
Sitka City and Borough_AK,Sitka City and Borough_AK
Sitka_AK,Sitka_AK
Skagit_WA,Skagit_WA
Skagway Municipality_AK,Skagway Municipality_AK
Skagway_AK,Skagway_AK
Skagway-Hoonah-Angoon_AK,Skagway-Hoonah-Angoon_AK
Skamania_WA,Skamania_WA
Slope_ND,Slope_ND
Smith_KS,Smith_KS
Smith_MS,Smith_MS
Smith_TN,Smith_TN
Smith_TX,Smith_TX
Smyth_VA,Smyth_VA
Snohomish_WA,Snohomish_WA
Snyder_PA,Snyder_PA
Socorro_NM,Socorro_NM
Solano_CA,Solano_CA
Somerset_MD,Somerset_MD
Somerset_ME,Somerset_ME
Somerset_NJ,Somerset_NJ
Somerset_PA,Somerset_PA
Somerset_VA,Somerset_VA
Somerset_WV,Somerset_WV
Somervell_TX,Somervell_TX
Sonoma_CA,Sonoma_CA
South Central Connecticut_CT,South Central Connecticut_CT
Southampton_VA,Southampton_VA
Southeast Fairbanks Census Area_AK,Southeast Fairbanks Census Area_AK
Southeast Fairbanks_AK,Southeast Fairbanks_AK
Southeastern Connecticut_CT,Southeastern Connecticut_CT
Spalding_GA,Spalding_GA
Spartanburg_SC,Spartanburg_SC
Spencer_IN,Spencer_IN
Spencer_KY,Spencer_KY
Spink_SD,Spink_SD
Spokane_WA,Spokane_WA
Spotsylvania_VA,Spotsylvania_VA
St. Bernard Parish_LA,St. Bernard Parish_LA
St. Bernard_LA,St. Bernard_LA
St. Charles Parish_LA,St. Charles Parish_LA
St. Charles_LA,St. Charles_LA
St. Charles_MO,St. Charles_MO
St. Clair_AL,St. Clair_AL
St. Clair_IL,St. Clair_IL
St. Clair_MI,St. Clair_MI
St. Clair_MO,St. Clair_MO
St. Croix_WI,St. Croix_WI
St. Francis_AR,St. Francis_AR
St. Francois_MO,St. Francois_MO
St. Helena Parish_LA,St. Helena Parish_LA
St. Helena_LA,St. Helena_LA
St. James Parish_LA,St. James Parish_LA
St. James_LA,St. James_LA
St. John the Baptist Parish_LA,St. John the Baptist Parish_LA
St. John the Baptist_LA,St. John the Baptist_LA
St. Johns_FL,St. Johns_FL
St. Joseph_IN,St. Joseph_IN
St. Joseph_MI,St. Joseph_MI
St. Landry Parish_LA,St. Landry Parish_LA
St. Landry_LA,St. Landry_LA
St. Lawrence_NY,St. Lawrence_NY
St. Louis City_MO,St. Louis City_MO
St. Louis city_MO,St. Louis city_MO
St. Louis_MN,St. Louis_MN
St. Louis_MO,St. Louis_MO
St. Lucie_FL,St. Lucie_FL
St. Martin Parish_LA,St. Martin Parish_LA
St. Martin_LA,St. Martin_LA
St. Mary Parish_LA,St. Mary Parish_LA
St. Mary_LA,St. Mary_LA
St. Mary's_MD,St. Mary's_MD
St. Tammany Parish_LA,St. Tammany Parish_LA
St. Tammany_LA,St. Tammany_LA
Stafford_KS,Stafford_KS
Stafford_VA,Stafford_VA
Stanislaus_CA,Stanislaus_CA
Stanley_SD,Stanley_SD
Stanly_NC,Stanly_NC
Stanton_KS,Stanton_KS
Stanton_NE,Stanton_NE
Stark_IL,Stark_IL
Stark_ND,Stark_ND
Stark_OH,Stark_OH
Starke_IN,Starke_IN
Starr_TX,Starr_TX
Staunton_VA,Staunton_VA
Ste. Genevieve_MO,Ste. Genevieve_MO
Stearns_MN,Stearns_MN
Steele_MN,Steele_MN
Steele_ND,Steele_ND
Stephens_GA,Stephens_GA
Stephens_OK,Stephens_OK
Stephens_TX,Stephens_TX
Stephenson_IL,Stephenson_IL
Sterling_TX,Sterling_TX
Steuben_IN,Steuben_IN
Steuben_NY,Steuben_NY
Stevens_KS,Stevens_KS
Stevens_MN,Stevens_MN
Stevens_WA,Stevens_WA
Stewart_GA,Stewart_GA
Stewart_TN,Stewart_TN
Stillwater_MT,Stillwater_MT
Stoddard_MO,Stoddard_MO
Stokes_NC,Stokes_NC
Stone_AR,Stone_AR
Stone_MO,Stone_MO
Stone_MS,Stone_MS
Stonewall_TX,Stonewall_TX
Storey_NV,Storey_NV
Story_IA,Story_IA
Strafford_NH,Strafford_NH
Stutsman_ND,Stutsman_ND
Sublette_WY,Sublette_WY
Suffolk city_VA,Suffolk city_VA
Suffolk_MA,Suffolk_MA
Suffolk_NY,Suffolk_NY
Suffolk_VA,Suffolk_VA
Sullivan_IN,Sullivan_IN
Sullivan_MO,Sullivan_MO
Sullivan_NH,Sullivan_NH
Sullivan_NY,Sullivan_NY
Sullivan_PA,Sullivan_PA
Sullivan_TN,Sullivan_TN
Sully_SD,Sully_SD
Summers_WV,Summers_WV
Summit_CO,Summit_CO
Summit_OH,Summit_OH
Summit_UT,Summit_UT
Sumner_KS,Sumner_KS
Sumner_TN,Sumner_TN
Sumter_AL,Sumter_AL
Sumter_FL,Sumter_FL
Sumter_GA,Sumter_GA
Sumter_SC,Sumter_SC
Sunflower_MS,Sunflower_MS
Surry_NC,Surry_NC
Surry_VA,Surry_VA
Susquehanna_PA,Susquehanna_PA
Sussex_DE,Sussex_DE
Sussex_NJ,Sussex_NJ
Sussex_VA,Sussex_VA
Sutter_CA,Sutter_CA
Sutton_TX,Sutton_TX
Suwannee_FL,Suwannee_FL
Swain_NC,Swain_NC
Sweet Grass_MT,Sweet Grass_MT
Sweetwater_WY,Sweetwater_WY
Swift_MN,Swift_MN
Swisher_TX,Swisher_TX
Switzerland_IN,Switzerland_IN
Talbot_GA,Talbot_GA
Talbot_MD,Talbot_MD
Taliaferro_GA,Taliaferro_GA
Talladega_AL,Talladega_AL
Tallahatchie_MS,Tallahatchie_MS
Tallapoosa_AL,Tallapoosa_AL
Tama_IA,Tama_IA
Taney_MO,Taney_MO
Tangipahoa Parish_LA,Tangipahoa Parish_LA
Tangipahoa_LA,Tangipahoa_LA
Taos_NM,Taos_NM
Tarrant_TX,Tarrant_TX
Tate_MS,Tate_MS
Tattnall_GA,Tattnall_GA
Taylor_FL,Taylor_FL
Taylor_GA,Taylor_GA
Taylor_IA,Taylor_IA
Taylor_KY,Taylor_KY
Taylor_PA,Taylor_PA
Taylor_TX,Taylor_TX
Taylor_WI,Taylor_WI
Taylor_WV,Taylor_WV
Tazewell_IL,Tazewell_IL
Tazewell_VA,Tazewell_VA
Tazewell_WV,Tazewell_WV
Tehama_CA,Tehama_CA
Telfair_GA,Telfair_GA
Teller_CO,Teller_CO
Tensas Parish_LA,Tensas Parish_LA
Tensas_LA,Tensas_LA
Terrebonne Parish_LA,Terrebonne Parish_LA
Terrebonne_LA,Terrebonne_LA
Terrell_GA,Terrell_GA
Terrell_TX,Terrell_TX
Terry_TX,Terry_TX
Teton_ID,Teton_ID
Teton_MT,Teton_MT
Teton_WY,Teton_WY
Texas_MO,Texas_MO
Texas_OK,Texas_OK
Thayer_NE,Thayer_NE
Thomas_GA,Thomas_GA
Thomas_KS,Thomas_KS
Thomas_NE,Thomas_NE
Throckmorton_TX,Throckmorton_TX
Thurston_NE,Thurston_NE
Thurston_WA,Thurston_WA
Tift_GA,Tift_GA
Tillamook_OR,Tillamook_OR
Tillman_OK,Tillman_OK
Tioga_NY,Tioga_NY
Tioga_PA,Tioga_PA
Tippah_MS,Tippah_MS
Tippecanoe_IN,Tippecanoe_IN
Tipton_IN,Tipton_IN
Tipton_TN,Tipton_TN
Tishomingo_MS,Tishomingo_MS
Titus_TX,Titus_TX
Todd_KY,Todd_KY
Todd_MN,Todd_MN
Todd_SD,Todd_SD
Tolland_CT,Tolland_CT
Tom Green_TX,Tom Green_TX
Tompkins_NY,Tompkins_NY
Tooele_UT,Tooele_UT
Toole_MT,Toole_MT
Toombs_GA,Toombs_GA
Torrance_NM,Torrance_NM
Towner_ND,Towner_ND
Towns_GA,Towns_GA
Traill_ND,Traill_ND
Transylvania_NC,Transylvania_NC
Traverse_MN,Traverse_MN
Travis_TX,Travis_TX
Treasure_MT,Treasure_MT
Trego_KS,Trego_KS
Trempealeau_WI,Trempealeau_WI
Treutlen_GA,Treutlen_GA
Trigg_KY,Trigg_KY
Trimble_KY,Trimble_KY
Trinity_CA,Trinity_CA
Trinity_TX,Trinity_TX
Tripp_SD,Tripp_SD
Troup_GA,Troup_GA
Trousdale_TN,Trousdale_TN
Trumbull_OH,Trumbull_OH
Tucker_MD,Tucker_MD
Tucker_WV,Tucker_WV
Tulare_CA,Tulare_CA
Tulsa_OK,Tulsa_OK
Tunica_MS,Tunica_MS
Tuolumne_CA,Tuolumne_CA
Turner_GA,Turner_GA
Turner_SD,Turner_SD
Tuscaloosa_AL,Tuscaloosa_AL
Tuscarawas_OH,Tuscarawas_OH
Tuscola_MI,Tuscola_MI
Twiggs_GA,Twiggs_GA
Twin Falls_ID,Twin Falls_ID
Tyler_TX,Tyler_TX
Tyler_WV,Tyler_WV
Tyrrell_NC,Tyrrell_NC
Uinta_WY,Uinta_WY
Uintah_UT,Uintah_UT
Ulster_NY,Ulster_NY
Umatilla_OR,Umatilla_OR
Unicoi_TN,Unicoi_TN
Union Parish_LA,Union Parish_LA
Union_AR,Union_AR
Union_FL,Union_FL
Union_GA,Union_GA
Union_IA,Union_IA
Union_IL,Union_IL
Union_IN,Union_IN
Union_KY,Union_KY
Union_LA,Union_LA
Union_MS,Union_MS
Union_NC,Union_NC
Union_NJ,Union_NJ
Union_NM,Union_NM
Union_OH,Union_OH
Union_OR,Union_OR
Union_PA,Union_PA
Union_SC,Union_SC
Union_SD,Union_SD
Union_TN,Union_TN
Upshur_TX,Upshur_TX
Upshur_WV,Upshur_WV
Upson_GA,Upson_GA
Upton_TX,Upton_TX
Utah_UT,Utah_UT
Uvalde_TX,Uvalde_TX
Val Verde_TX,Val Verde_TX
Valdez Cordova_AK,Valdez Cordova_AK
Valdez-Cordova Census Area_AK,Valdez-Cordova Census Area_AK
Valencia_NM,Valencia_NM
Valley_ID,Valley_ID
Valley_MT,Valley_MT
Valley_NE,Valley_NE
Van Buren_AR,Van Buren_AR
Van Buren_IA,Van Buren_IA
Van Buren_MI,Van Buren_MI
Van Buren_TN,Van Buren_TN
Van Wert_OH,Van Wert_OH
Van Zandt_TX,Van Zandt_TX
Van_TN,Van_TN
Vance_NC,Vance_NC
Vanderburgh_IN,Vanderburgh_IN
Venango_PA,Venango_PA
Ventura_CA,Ventura_CA
Vermilion Parish_LA,Vermilion Parish_LA
Vermilion_IL,Vermilion_IL
Vermilion_LA,Vermilion_LA
Vermillion_IL,Vermillion_IL
Vermillion_IN,Vermillion_IN
Vernon Parish_LA,Vernon Parish_LA
Vernon_LA,Vernon_LA
Vernon_MO,Vernon_MO
Vernon_WI,Vernon_WI
Victoria_TX,Victoria_TX
Vigo_IN,Vigo_IN
Vilas_WI,Vilas_WI
Vinton_OH,Vinton_OH
Virginia Beach city_VA,Virginia Beach city_VA
Virginia Beach_VA,Virginia Beach_VA
Volusia_FL,Volusia_FL
Wabash_IL,Wabash_IL
Wabash_IN,Wabash_IN
Wabasha_MN,Wabasha_MN
Wabaunsee_KS,Wabaunsee_KS
Wade Hampton_AK,Wade Hampton_AK
Wadena_MN,Wadena_MN
Wagoner_OK,Wagoner_OK
Wahkiakum_WA,Wahkiakum_WA
Wake_NC,Wake_NC
Wakulla_FL,Wakulla_FL
Waldo_ME,Waldo_ME
Walker_AL,Walker_AL
Walker_GA,Walker_GA
Walker_TX,Walker_TX
Walla Walla_WA,Walla Walla_WA
Wallace_KS,Wallace_KS
Waller_TX,Waller_TX
Wallowa_OR,Wallowa_OR
Walsh_ND,Walsh_ND
Walthall_MS,Walthall_MS
Walton_FL,Walton_FL
Walton_GA,Walton_GA
Walworth_SD,Walworth_SD
Walworth_WI,Walworth_WI
Wapello_IA,Wapello_IA
Ward_ND,Ward_ND
Ward_TX,Ward_TX
Ware_GA,Ware_GA
Warren_GA,Warren_GA
Warren_IA,Warren_IA
Warren_IL,Warren_IL
Warren_IN,Warren_IN
Warren_KY,Warren_KY
Warren_MO,Warren_MO
Warren_MS,Warren_MS
Warren_NC,Warren_NC
Warren_NJ,Warren_NJ
Warren_NY,Warren_NY
Warren_OH,Warren_OH
Warren_PA,Warren_PA
Warren_TN,Warren_TN
Warren_VA,Warren_VA
Warrick_IN,Warrick_IN
Wasatch_UT,Wasatch_UT
Wasco_OR,Wasco_OR
Waseca_MN,Waseca_MN
Washakie_WY,Washakie_WY
Washburn_WI,Washburn_WI
Washington Parish_LA,Washington Parish_LA
Washington_AL,Washington_AL
Washington_AR,Washington_AR
Washington_CO,Washington_CO
Washington_FL,Washington_FL
Washington_GA,Washington_GA
Washington_IA,Washington_IA
Washington_ID,Washington_ID
Washington_IL,Washington_IL
Washington_IN,Washington_IN
Washington_KS,Washington_KS
Washington_KY,Washington_KY
Washington_LA,Washington_LA
Washington_MD,Washington_MD
Washington_ME,Washington_ME
Washington_MN,Washington_MN
Washington_MO,Washington_MO
Washington_MS,Washington_MS
Washington_NC,Washington_NC
Washington_NE,Washington_NE
Washington_NY,Washington_NY
Washington_OH,Washington_OH
Washington_OK,Washington_OK
Washington_OR,Washington_OR
Washington_PA,Washington_PA
Washington_RI,Washington_RI
Washington_TN,Washington_TN
Washington_TX,Washington_TX
Washington_UT,Washington_UT
Washington_VA,Washington_VA
Washington_VT,Washington_VT
Washington_WI,Washington_WI
Washington_WV,Washington_WV
Washita_OK,Washita_OK
Washoe_NV,Washoe_NV
Washtenaw_MI,Washtenaw_MI
Watauga_NC,Watauga_NC
Watonwan_MN,Watonwan_MN
Waukesha_WI,Waukesha_WI
Waupaca_WI,Waupaca_WI
Waushara_WI,Waushara_WI
Wayne_GA,Wayne_GA
Wayne_IA,Wayne_IA
Wayne_IL,Wayne_IL
Wayne_IN,Wayne_IN
Wayne_KY,Wayne_KY
Wayne_MI,Wayne_MI
Wayne_MO,Wayne_MO
Wayne_MS,Wayne_MS
Wayne_NC,Wayne_NC
Wayne_NE,Wayne_NE
Wayne_NY,Wayne_NY
Wayne_OH,Wayne_OH
Wayne_PA,Wayne_PA
Wayne_TN,Wayne_TN
Wayne_UT,Wayne_UT
Wayne_WV,Wayne_WV
Waynesboro city_VA,Waynesboro city_VA
Waynesboro_VA,Waynesboro_VA
Weakley_TN,Weakley_TN
Webb_TX,Webb_TX
Weber_UT,Weber_UT
Webster Parish_LA,Webster Parish_LA
Webster_GA,Webster_GA
Webster_IA,Webster_IA
Webster_KY,Webster_KY
Webster_LA,Webster_LA
Webster_MO,Webster_MO
Webster_MS,Webster_MS
Webster_NE,Webster_NE
Webster_WV,Webster_WV
Weld_CO,Weld_CO
Wells_IN,Wells_IN
Wells_ND,Wells_ND
West Baton Rouge Parish_LA,West Baton Rouge Parish_LA
West Baton Rouge_LA,West Baton Rouge_LA
West Carroll Parish_LA,West Carroll Parish_LA
West Carroll_LA,West Carroll_LA
West Feliciana Parish_LA,West Feliciana Parish_LA
West Feliciana_LA,West Feliciana_LA
Westchester_NY,Westchester_NY
Western Connecticut_CT,Western Connecticut_CT
Westmoreland_PA,Westmoreland_PA
Westmoreland_VA,Westmoreland_VA
Westmoreland_WV,Westmoreland_WV
Weston_WY,Weston_WY
Wetzel_OH,Wetzel_OH
Wetzel_PA,Wetzel_PA
Wetzel_WV,Wetzel_WV
Wexford_MI,Wexford_MI
Wharton_TX,Wharton_TX
Whatcom_WA,Whatcom_WA
Wheatland_MT,Wheatland_MT
Wheeler_GA,Wheeler_GA
Wheeler_NE,Wheeler_NE
Wheeler_OR,Wheeler_OR
Wheeler_TX,Wheeler_TX
White Pine_NV,White Pine_NV
White_AR,White_AR
White_GA,White_GA
White_IL,White_IL
White_IN,White_IN
White_TN,White_TN
Whiteside_IL,Whiteside_IL
Whitfield_GA,Whitfield_GA
Whitley_IN,Whitley_IN
Whitley_KY,Whitley_KY
Whitman_WA,Whitman_WA
Wibaux_MT,Wibaux_MT
Wichita_KS,Wichita_KS
Wichita_TX,Wichita_TX
Wicomico_MD,Wicomico_MD
Wilbarger_TX,Wilbarger_TX
Wilcox_AL,Wilcox_AL
Wilcox_GA,Wilcox_GA
Wilkes_GA,Wilkes_GA
Wilkes_NC,Wilkes_NC
Wilkin_MN,Wilkin_MN
Wilkinson_GA,Wilkinson_GA
Wilkinson_MS,Wilkinson_MS
Will_IL,Will_IL
Willacy_TX,Willacy_TX
Williams_ND,Williams_ND
Williams_OH,Williams_OH
Williamsburg city_VA,Williamsburg city_VA
Williamsburg_SC,Williamsburg_SC
Williamsburg_VA,Williamsburg_VA
Williamson_IL,Williamson_IL
Williamson_TN,Williamson_TN
Williamson_TX,Williamson_TX
Wilson_KS,Wilson_KS
Wilson_NC,Wilson_NC
Wilson_TN,Wilson_TN
Wilson_TX,Wilson_TX
Winchester city_VA,Winchester city_VA
Winchester_VA,Winchester_VA
Windham_CT,Windham_CT
Windham_VT,Windham_VT
Windsor_VT,Windsor_VT
Wing_MN,Wing_MN
Winkler_TX,Winkler_TX
Winn Parish_LA,Winn Parish_LA
Winn_LA,Winn_LA
Winnebago_IA,Winnebago_IA
Winnebago_IL,Winnebago_IL
Winnebago_WI,Winnebago_WI
Winneshiek_IA,Winneshiek_IA
Winona_MN,Winona_MN
Winston_AL,Winston_AL
Winston_MS,Winston_MS
Wirt_WV,Wirt_WV
Wise_KY,Wise_KY
Wise_TX,Wise_TX
Wise_VA,Wise_VA
Wise_WV,Wise_WV
Witt_IL,Witt_IL
Wolfe_KY,Wolfe_KY
Wood_OH,Wood_OH
Wood_TX,Wood_TX
Wood_WI,Wood_WI
Wood_WV,Wood_WV
Woodbury_IA,Woodbury_IA
Woodford_IL,Woodford_IL
Woodford_KY,Woodford_KY
Woodruff_AR,Woodruff_AR
Woods_OK,Woods_OK
Woodson_KS,Woodson_KS
Woodward_OK,Woodward_OK
Worcester_MA,Worcester_MA
Worcester_MD,Worcester_MD
Worth_GA,Worth_GA
Worth_IA,Worth_IA
Worth_MO,Worth_MO
Wrangell City and Borough_AK,Wrangell City and Borough_AK
Wrangell Petersburg_AK,Wrangell Petersburg_AK
Wrangell_AK,Wrangell_AK
Wright_IA,Wright_IA
Wright_MN,Wright_MN
Wright_MO,Wright_MO
Wyandot_OH,Wyandot_OH
Wyandotte_KS,Wyandotte_KS
Wyoming_NY,Wyoming_NY
Wyoming_PA,Wyoming_PA
Wyoming_VA,Wyoming_VA
Wyoming_WV,Wyoming_WV
Wythe_VA,Wythe_VA
Yadkin_NC,Yadkin_NC
Yakima_WA,Yakima_WA
Yakutat City and Borough_AK,Yakutat City and Borough_AK
Yakutat_AK,Yakutat_AK
Yalobusha_MS,Yalobusha_MS
Yamhill_OR,Yamhill_OR
Yancey_NC,Yancey_NC
Yankton_SD,Yankton_SD
Yates_NY,Yates_NY
Yavapai_AZ,Yavapai_AZ
Yavapai_WV,Yavapai_WV
Yazoo_MS,Yazoo_MS
Yell_AR,Yell_AR
Yellow Medicine_MN,Yellow Medicine_MN
Yellowstone_MT,Yellowstone_MT
Yoakum_TX,Yoakum_TX
Yolo_CA,Yolo_CA
York_ME,York_ME
York_NE,York_NE
York_PA,York_PA
York_SC,York_SC
York_VA,York_VA
Young_TX,Young_TX
Yuba_CA,Yuba_CA
Yukon-Koyukuk Census Area_AK,Yukon-Koyukuk Census Area_AK
Yukon-Koyukuk_AK,Yukon-Koyukuk_AK
Yuma_AZ,Yuma_AZ
Yuma_CO,Yuma_CO
Zapata_TX,Zapata_TX
Zavala_TX,Zavala_TX
Ziebach_SD,Ziebach_SD
